seller_id,city,state,seller_sk
0015a82c2db000af6aaaf3ae2ecb0532,santo andre,SP,1
001cca7ae9ae17fb1caed9dfb1094831,cariacica,ES,2
001e6ad469a905060d959994f1b41e4f,sao goncalo,RJ,3
002100f778ceb8431b7a1020ff7ab48f,franca,SP,4
003554e2dce176b5555353e4f3555ac8,goiania,GO,5
004c9cd9d87a3c30c522c48c4fc07416,ibitinga,SP,6
00720abe85ba0859807595bbf045a33b,guarulhos,SP,7
00ab3eff1b5192e5f1a63bcecfee11c8,sao paulo,SP,8
00d8b143d12632bad99c0ad66ad52825,belo horizonte,MG,9
00ee68308b45bc5e2660cd833c3f81cc,sao paulo,SP,10
00fc707aaaad2d31347cf883cd2dfe10,maringa,PR,11
010543a62bd80aa422851e79a3bc7540,sao paulo,SP,12
010da0602d7774602cd1b3f5fb7b709e,sao bernardo do campo,SP,13
011b0eaba87386a2ae96a7d32bb531d1,pompeia,SP,14
01266d4c46afa519678d16a8b683d325,curitiba,PR,15
013900e863eace745d3ec7614cab5b1a,curitiba,PR,16
014c0679dd340a0e338872e7ec85666a,timoteo,MG,17
014d9a685fd57276679edd00e07089e5,maringa,PR,18
0176f73cc1195f367f7b32db1e5b3aa8,ibitinga,SP,19
01bcc9d254a0143f0ce9791b960b2a47,uruacu,GO,20
01c97ebb5cdac52891c0ed1c37ba0012,catanduva,SP,21
01cf7e3d21494c41fb86034f2e714fa1,francisco beltrao,PR,22
01ed254b9ff8407dfb9d99ba1e17d923,mogi das cruzes,SP,23
01fd077212124329bac32490e8ef80d9,ribeirao preto / sao paulo,SP,24
01fdefa7697d26ad920e9e0346d4bd1b,londrina,PR,25
0241d4d5d36f10f80c644447315af0bd,curitiba,PR,26
0249d282d911d23cb8b869ab49c99f53,sao paulo,SP,27
024b564ae893ce8e9bfa02c10a401ece,sao paulo,SP,28
028872bfa080090a9d0abd4f1af168f8,ribeirao das neves,MG,29
02a2272692e13558373c66db98f05e2e,rio de janeiro,RJ,30
02b72cdeb9cfcc429f1af6f4e3f3b737,ibitinga,SP,31
02c988090b766852e088c69d7fb3b551,americana,SP,32
02d35243ea2e497335cd0f076b45675d,natal,RN,33
02dcd3e8e25bee036e32512bcf175493,contagem,MG,34
02ecc2a19303f05e59ce133fd923fff7,santo andre,SP,35
02f5837340d7eb4f653d676c7256523a,curitiba,PR,36
02f623a8eb246f3c5f7c2f96462654e6,botucatu,SP,37
0307f7565ff85b299b6e5ef162b1b1a9,sao jose do rio preto,SP,38
0336182e1b3e92f029d5354832045fdf,ibitinga,SP,39
034b9387752bfa309f350a70cd45ffa3,blumenau,SC,40
038b75b729c8a9a04b0d07cba7eabe86,sao jose dos campos,SP,41
039b29ff3b3473435d0cd59040575de9,ribeirao pires,SP,42
039e6ad9dae79614493083e241147386,sao paulo,SP,43
03a2a6dcbe45d639c4dc2a0d24769c40,maua,SP,44
03bd479e1d9484cdb14104d3023f7321,uberlandia,MG,45
0417b067eeab773d2f7061a726dc477f,sao bento do sul,SC,46
042573af89b6d931f672efaf789d8358,sorocaba,SP,47
04308b1ee57b6625f47df1d56f00eedf,bombinhas,SC,48
0432ead42b6c8a0bdf68154add917fdf,maua,SP,49
044668ccd5316b12a7cf0d54a156e3e9,osasco,SP,50
04843805947f0fc584fc1969b6e50fe7,ivoti,RS,51
048c2757535328e0d7dac690ad3c0aae,franca,SP,52
04aa0a1c5ce6b222003403a3e11c3cc0,cosmopolis,SP,53
04aba03279157f6d4e0fe8ccaf21963c,santo antonio de padua,RJ,54
04e38a233f726ef161074ab1c9b0399a,sao paulo,SP,55
04ee0ec01589969663ba5967c0e0bdc0,lajeado,RS,56
04fdea0c111866e6cf812f1570d6b5bd,sao paulo,SP,57
0509040ea3fe50071181bbc359eb7738,belo horizonte,MG,58
052577151711aec5c744fe12e66db3e1,rodeio,SC,59
054694fa03fe82cec4b7551487331d74,itajobi,SP,60
056b4ada5bbc2c50cc7842547dda6b51,queimados,RJ,61
0570350b23eda5444f8d1d9544932058,sao paulo,SP,62
05730013efda596306417c3b09302475,criciuma,SC,63
058cb5aeb36d7c0fcae20fc85d5e0a59,rio de janeiro,RJ,64
058fd0aa2bfdb2274e05e1ae971dabb6,santo andre,SP,65
05a48cc8859962767935ab9087417fbb,sao paulo,SP,66
05a940b4ecae36cadfd8e93bd9c43257,goiania,GO,67
05aebce0b5c8f0d41b29b686f2d05fd3,sao paulo,SP,68
05ca864204d09595ae591b93ea9cf93d,barueri,SP,69
05d2173d43ea568aa0540eba70d2ca76,alfenas,MG,70
05e107217c7266362fd44b75b2cd4cc4,sao paulo - sp,SP,71
05f51e13da97139648b8125c31e5f51b,belo horizonte,MG,72
05feb94f19d094d4b0f9281f0b1d4c99,mogi das cruzes,SP,73
05ff92fedb5be47920fea08e501238b9,santo angelo,RS,74
062c325cd6a2b87845fab56b4ec2eeae,sao paulo,SP,75
062ce95fa2ad4dfaedfc79260130565f,lajeado,RS,76
06532f10282704ef4c69168b914b77be,paincandu,PR,77
06579cb253ecd5a3a12a9e6eb6bf8f47,sao paulo - sp,SP,78
066a6914e1ebf3ea95a216c73a986b91,foz do iguacu,PR,79
0691148aee60ca47977c187804f935ae,londrina,PR,80
0692610d8abe24f287e9fae90ea0bbee,sao paulo,SP,81
06a2c3af7b3aee5d69171b0e14f0ee87,sao luis,MA,82
06bb3a2fe5e7b7a845b13e8fb91bd944,belo horizonte,MG,83
06df0c10d34e459d9672bc77388742eb,maringa,PR,84
06e5eefc71ec47ae763c5c6f8db7064f,porto alegre,RS,85
07017df32dc5f2f1d2801e579548d620,joao pessoa,PB,86
070d165398b553f3b4b851c216b8a358,sao paulo,SP,87
0725b8c0f3f906e58f70cbe76b7c748c,guarulhos,SP,88
0743a0239d764b9a0f959a57d07e36ab,sao paulo,SP,89
0747d5bb69f0586cc869d8af4c50f93e,saquarema,RJ,90
0761743cbffb25d7148189e9f1a5f03a,ribeirao preto,SP,91
077c5fae4bea9500e3737b16f71b9d3a,sorocaba,SP,92
0791d9fc1e30678ecf03d3e55fa108d3,belo horizonte,MG,93
079d295dcbf06ee8bb1b65ba964eb2b6,sao paulo,SP,94
07a9bc7f61396b658ddf3ac534efe44c,sao paulo,SP,95
07bf9669d84d1f11be443a9dd938f698,sao paulo,SP,96
07d75e33f2750d97d467fb57e4dfdd8a,sao paulo,SP,97
07de60b03d150fb3ea09eab5da5e4c8b,ibitinga,SP,98
07e8e8fc5222bb358e6f259da3197074,sao paulo,SP,99
080102cd0a76b09e0dcf55fcacc60e05,belo horizonte,MG,100
080199a181c46c657dc5aa235411be3b,osasco,SP,101
08061dc0fc165ed41288cc7acde738ee,osasco,SP,102
08084d990eb3f53af056ccbc1730c8a7,sao paulo,SP,103
081acf3de680d554796c9cf041be7bc2,vespasiano,MG,104
082e0bf4cb865a6533b1e8e498cc0255,botucatu,SP,105
085f6f7e049c996695fb2074fe38d45e,taubate,SP,106
08633c14ef2db992c11f840f04fad4cd,ribeirao pires,SP,107
0873d9f8f36123f8d910f4760e788cfb,barueri,SP,108
0885aaf116795758dfeb5f1032487bcd,ferraz de vasconcelos,SP,109
0887a9f087bcd5d9f6642b52f897fc6c,cananeia,SP,110
08ad4ac1388e4420ca531c3edfc46198,itapevi,SP,111
08cdbae123ff67ca4e36d9d641ce0119,uba,MG,112
08d0949a9a17c027262db1f3c450c26c,cascavel,PR,113
08d1c9478fb0d7d7fcac9c0da4e82fc7,belo horizonte,MG,114
08d2d642cf72b622b14dde1d2f5eb2f5,marilia,SP,115
08f5819815f3d06545011850bd70f0a8,santos,SP,116
091065b789659bc3cd9af9cb3a6253ff,canoas,RS,117
0936e1837d0c79253456bbb2ffaaef10,sao paulo,SP,118
093805f8f2aeb63881444571e1f48f30,osasco,SP,119
094ced053e257ae8cae57205592d6712,ribeirao preto,SP,120
0951a6e282947e09cd47969f4ed0b47f,taboao da serra,SP,121
09883d9ab71c8fe8a9bfc7fc3075b07e,sao paulo,SP,122
099095b050cfe8eb1ddff5317587e96e,sao paulo,SP,123
09bad886111255c5b5030314fc7f1a4a,sao paulo,SP,124
09f952a5f58d2285b0372551ae8f9b01,sao bernardo do campo,SP,125
0a198e95d32b1be2da9424c962a6ebfa,contagem,MG,126
0a82f5fb06a4fe4ac2cf7cb412ec71b8,sao paulo,SP,127
0a85ebe4e328db81ac9109781205e2f7,jundiai,SP,128
0aa124728afc1131dff5655f4c6f487b,alfenas,MG,129
0aa2205ca24f113f4658a5c536667426,sao paulo,SP,130
0ac4201fda2c68ebc0e47cb9423cf3c9,sao paulo,SP,131
0ad80de75c811326389cfb1daba7d45e,rio de janeiro,RJ,132
0adac9fbd9a2b63cccaac4f8756c1ca8,louveira,SP,133
0ade5cc4a305ed7093a23f68ca47519c,curitiba,PR,134
0aea4c6ae1505b3228ddf3dd7822ee5b,sorocaba,SP,135
0af2ab31141893d26aca5a404a537dab,sao paulo,SP,136
0af977692321d895349eded183341d28,santos,SP,137
0afccdb8a34ee5c79f7c06faf2b4d56e,uberlandia,MG,138
0b09101900100c0e9d312861fad5a1b9,sao paulo,SP,139
0b0ddbc7b9d9584f442c7ac92b0ff6c9,guarulhos,SP,140
0b18d63d0cd1d723567903fd34a07df2,sp,SP,141
0b1ca3ef18a63d7eb0c8897fa0849c08,sao roque,SP,142
0b35c634521043bf4b47e21547b99ab5,teixeira soares,PR,143
0b36063d5818f81ccb94b54adfaebbf5,jaragua do sul,SC,144
0b3f27369a4d8df98f7eb91077e438ac,aruja,SP,145
0b46f784306be7200ca1700aa55d819f,belo horizonte,MG,146
0b64bcdb0784abc139af04077d49a20e,canoas,RS,147
0b90b6df587eb83608a64ea8b390cf07,maringa,PR,148
0bae85eb84b9fb3bd773911e89288d54,itajai,SP,149
0bb27263628258b8111a0262769fa9db,sao paulo,SP,150
0bb738e4d789e63e2267697c42d35a2d,sao roque,SP,151
0be8ff43f22e456b4e0371b2245e4d01,sao paulo,SP,152
0bebbb2cea103a4a020c95d43fd7d754,sao paulo,SP,153
0bf0150d5b9d60d9cd2906003332f085,sao paulo,SP,154
0bfd0b434243adc5c2e1aa6baf19c6aa,rio de janeiro,RJ,155
0c7533c71df861ec58ad7ff999ed0e8d,valinhos,SP,156
0c7f30ae9b147eca07affbef92832a6a,ponta grossa,PR,157
0c8380b62e38e8a1e6adbeba7eb9688c,tres coracoes,MG,158
0cab2da43793a6f3c5ed8514c5f54627,curitiba,PR,159
0cbcee27c791afa0cdcb08587a2013a8,tres coracoes,MG,160
0d33a55da925bbf1ff02af5f6059fc7f,sao paulo,SP,161
0d4c8269e7f0401201794deef160edd6,ribeirao preto,SP,162
0d83f8e03188682112cc0d93523705cc,porto alegre,RS,163
0d85bbda9889ce1f7e63778d24f346eb,uberlandia,MG,164
0daf5180aa44356f60f8effa533b55a2,goiania,GO,165
0db783cfcd3b73998abc6e10e59a102f,santos,SP,166
0dd184061fb0eaa7ca37932c68ab91c5,guarulhos,SP,167
0ddefe3c7a032b91f4e25b9c3a08fca1,sao bernardo do campo,SP,168
0df3984f9dfb3d49ac6366acbd3bbb85,betim,MG,169
0dfbed20065e425d2eaefb101f9816c0,porto ferreira,SP,170
0e44d110fa6a54e121cb2c095a77762f,francisco morato,SP,171
0e72c1a751b496722a6cb1f10653b62a,sao paulo,SP,172
0e982cff76cc0579f632cea8a0e38c9d,itajai,SC,173
0ea22c1cfbdc755f86b9b54b39c16043,sete lagoas,MG,174
0eaa7e33d73809f1f925f7d07c506cbd,santo andre,SP,175
0ebd97a106433a45a4aebe57c1799778,contagem,MG,176
0ec28cec4046a4a199b6de9b4c891d97,goiania,GO,177
0ed6ce5d87fd9c69eaacaeb778d67235,americana,SP,178
0ee4fb99ac55ffbbc98795aa01b7f8fa,santana de parnaiba,SP,179
0ef83d7d83ed97cd2a0049ac8be5f88a,curitiba,PR,180
0f0c984a4a955310903b6b6008660bad,franca,SP,181
0f519b0d2e5eb2227c93dd25038bfc01,ibitinga,SP,182
0f7eea709efdf942b5f95c7516dbacd7,pedrinhas paulista,SP,183
0f80a40c312b2472dca482cf50f5186f,lencois paulista,SP,184
0f94588695d71662beec8d883ffacf09,florianopolis,SC,185
0fe2d9733ed841eb064503920015a8c0,ourinhos,SP,186
0ff83046c3fa22efee8ecf291888b191,caxias do sul,RS,187
0ffa40d54288e4f3499b8780dd0f144f,presidente prudente,SP,188
10076e5788b8ee532724bcd460baf762,batatais,SP,189
10089e9f2fd0c668a8fd4e52e1698888,sao jose do rio preto,SP,190
101921376b577a4540dc30e9009133ca,rio claro,SP,191
101a3a003516bc11253298b2fad3cb65,rio claro,SP,192
1025f0e2d44d7041d6cf58b6550e0bfa,sao paulo,SP,193
10264f60a8f0a4d2f30810f5c661c673,campinas,SP,194
1099a00e0ee3a50935e6c2447ca090c5,rio de janeiro,RJ,195
10cdd491d1dbea8fb4ead97b19c334ce,santa rita do sapucai,MG,196
10ff823eda2b032e2c93d17a7d294736,pederneiras,SP,197
112453736dbe3889cfb74e1aaa0ba0c1,sao paulo,SP,198
1127b7f2594683f2510f1c2c834a486b,campinas,SP,199
11305281b50fff20ae8bb473f8e11876,uba,MG,200
113e3a788b935f48aad63e1c41dac1bd,aparecida,SP,201
116ccb1a1604bc88e4d234a8c23f33de,sao bernardo do campo,SP,202
11742f81550ac064cc9a40f67151d9ad,catanduva,SP,203
117cfc326c6d50da67ca858ff5c0c852,sao joao de meriti,RJ,204
11938fcc75f6902fea1d0a6f72b54a57,sao miguel d'oeste,SC,205
119c7f1a00ef43fad0e57604e76a747c,sao paulo,SP,206
119d1aef1b4144adba89163f6cd9f5d4,pedreira,SP,207
11bfa66332777660bd0640ee84d47006,ribeirao preto,SP,208
11d4c477d09821164bca4f70a2eae031,ribeirao preto,SP,209
11eac105f3f90a9b87b19c89d91e24f3,sao paulo,SP,210
11fb6f6d341adbe19e81733701704635,sao paulo,SP,211
120476eb7a04c149d14772edaf5d9bf2,angra dos reis,RJ,212
1284de4ae8aa26997e748c851557cf0e,laranjeiras do sul,SP,213
128639473a139ac0f3e5f5ade55873a5,maringa,PR,214
128f9bfbe4c7d5185033914b1de3d39a,atibaia,SP,215
12a8eb0f8d1cd3270695bf2a99f55966,sao paulo,SP,216
12b9676b00f60f3b700e83af21824c0e,montenegro,RS,217
12c2ed9cded6138cf0c75f525f565fc7,praia grande,SP,218
13074f016982ff2bd6c58ced8682f000,bento goncalves,RS,219
131fcb0a0c9a47bba4474aacff0f14b7,sao paulo,SP,220
1336efc61c316ddf92c899eb817f7cae,assis,SP,221
134285d1f41da5c13a756ee8142c8a4e,sao paulo,SP,222
134a288e7de827ec5ec62e3ec9c3a295,sao paulo,SP,223
134b867a0f7f8bbe6abf10f91874891e,valinhos,SP,224
13511db12ac61e2f89c53b72a944a60b,caxias do sul,RS,225
1352e06ae67b410cdae0b2a22361167b,rio de janeiro,RJ,226
1354d51653f645349064725ed204e85e,sao paulo,SP,227
138dbe45fc62f1e244378131a6801526,sao paulo,SP,228
139157dd4daa45c25b0807ffff348363,sao paulo,SP,229
13c2ed7698b3ca92dad49e849219da59,ponta grossa,PR,230
13d058e4eeac2ce8217660b2f8a05812,osasco,SP,231
13d95f0f6f73943d4ceffad0fc2cd32c,goiania,GO,232
13dd308f81fea30cc670c656b2b46cc3,santa barbara d'oeste,SP,233
13e85aac53340018b40c2af68001b7e0,pedreira,SP,234
13f57c12a00ed4610db646b913a7f5c6,santos,SP,235
13fa2a6c6b9d0f43cb588d7c82117a12,sao paulo,SP,236
141440cad9341e553f8401c574a2aa38,pitanga,PR,237
1430239a858e7682bbc43b20758af153,sao paulo,SP,238
1444c08e64d55fb3c25f0f09c07ffcf2,lauro de freitas,BA,239
1464afc72f696af775557a821c2e253f,nova friburgo,RJ,240
14a08204d03bb6b6bde8029f801ae0eb,sao paulo,SP,241
14d7985702e72162bbf13b6beb74ab2b,santo andre,SP,242
14ee35374a7876217954b5fa08e50463,sao jose do rio preto,SP,243
14f2b3587172b9db894c9bad8dab520b,ipe,RS,244
152ee17e4c8aaf53dac99f3462e4999b,garuva,SC,245
154bdf805377afea75a3bd158e9eab10,ibitinga,SP,246
1554a68530182680ad5c8b042c3ab563,monte siao,MG,247
157c3e4b42f81ac4a44e8b1ca2fe9876,sao paulo,SP,248
1588ac4010787100dddef64568f0ae35,maringa,PR,249
15aac934c58d886785ac1b17953ea898,muqui,ES,250
15ac3c501e2599e4917316fde5c5669a,sao paulo,SP,251
15aec03fe4cf30dfa574cf550f5ff5ff,rio de janeiro,RJ,252
15b3b1b81484422eb41df68ac87f1f50,bauru,SP,253
15cd6eefe58588619aaed41dfa6621b1,ouro preto,MG,254
15ead3a5037a918ddb520dfe39a3d2b9,conselheiro lafaiete,MG,255
15fa791d5e017f66402dc28c44480657,sao paulo,SP,256
160851d3ece7aa1a510f8d1a4bb8a8af,garca,SP,257
16090f2ca825584b5a147ab24aa30c86,atibaia,SP,258
160e4f13fd3a64b1b86807be88b5ffb0,colombo,PR,259
164a5a8794e6d42e14f55e447b12a3bc,guaira,PR,260
165b1235e9e9942cb5fae67103576fb0,ribeirao preto,SP,261
165fc07beebdcb6190fba8a06db2a449,maringa,PR,262
1660ad786c27fd935378b6192a90b417,sao bernardo do campo,SP,263
166e8f1381e09651983c38b1f6f91c11,imbituba,SC,264
167fd940acebc789debd6eb418c46e38,franca,SP,265
1690cada046eb7e92c12f98b1f8a8167,sao paulo,SP,266
16bdc8cefd0e32a6f0824d296c5ad14a,sp,SP,267
1703bc09972dab9782e7a9194943b69f,minas gerais,MG,268
1710c3aaa9c6b44ec3883ee0fe300e21,sao caetano do sul,SP,269
17306570e772e7718c92a562d33f5f1d,bariri,SP,270
173d56ffbd4c56cb80fc3615487d712b,sao vicente,SP,271
1746c1ae87ac63d530c7c943d0ac42e2,santana de parnaiba,SP,272
1771297ac436903d1dd6b0e9279aa505,guarulhos,SP,273
1782ce2db72c3dda627d5e7c898104e1,taboao da serra,SP,274
17908cf9b444ee34047cadd5c0f4a516,anapolis,GO,275
17998cf586426bf0f2c3726cb0a4b211,belo horizonte,MG,276
179d859f51292aac5c10806a356f7af9,ribeirao pires,SP,277
17a053fcb14bd219540cbde0df490be0,mogi guacu,SP,278
17adeba047385fb0c67d8e90b4296d21,guarulhos,SP,279
17ca9b9e9b9ef8fdb529001b49ebb50f,betim,MG,280
17e34d8224d27a541263c4c64b11a56b,riberao preto,SP,281
17eea220a40cc0d2c0c5346379682398,sao paulo,SP,282
17f51e7198701186712e53a39c564617,sao paulo,SP,283
180c3376aff0e43dd5788709df48a843,sao paulo,SP,284
1835b56ce799e6a4dc4eddc053f04066,ibitinga,SP,285
1838dd9b8977065acf51d95e0053ea7a,belo horizonte,MG,286
184725737946a1a938bbbd1a9e978103,maua,SP,287
184a67a8f9f63234d3a92340bbdb727f,joinville,SC,288
186cdd1b2df32caa72cfb410bba768d3,rio negrinho,SC,289
189ca3538ce9f920cacf0f982cbe223b,sao paulo,SP,290
18a349e75d307f4b4cc646a691ed4216,sao paulo,SP,291
18e694e0e48ed6f7aa3f24aade5fd697,varzea paulista,SP,292
1900267e848ceeba8fa32d80c1a5f5a8,ibitinga,SP,293
191d55f7edb8524d525ed01b20fe32e8,brasilia,DF,294
1927cdb9fa74f5270097f6250e8e8f34,marilia,SP,295
19484c79cef6c062cb177aa4ef2fcc3c,valinhos,SP,296
1961c3e1272bfeceb05d0b78b5bbfdaf,guarulhos,SP,297
1967a9e2ad6f51802b093147d861df58,sao paulo,SP,298
1976a05ecf2996d6ffb7b5430e635fe7,assis,SP,299
1987cd4be10fe09ee50454f9c354d1c6,ouro fino,MG,300
198c7ea11960a9844b544d9bcdca860c,jacutinga,MG,301
1992f8fb6b19fcccd97ca819811e7267,sao paulo,SP,302
1996942dc085d7773ba77a529b163cd0,pradopolis,SP,303
19a7c9f66ffa6452ff4b4c0cca71da27,itaipulandia,PR,304
19d62d484cba71963c93f0f00ab42013,gaspar,SC,305
19e0f40a907ec568c34bfac15de4f4a1,americana,SP,306
1a3df491d1c4f1589fc2b934ada68bf2,joinville,SC,307
1a6245add4353f18ed55138808906979,sao bernardo do campo,SP,308
1a8e2d9c38b84a9702ac7922924b0573,araquari,SC,309
1a932caad4f9d804097d7f8e615baed1,sao paulo,SP,310
1acde099eb406aa220b1169b188b42da,sao paulo,SP,311
1b0b0f4f95e962d6f32fe90c759d0479,sao paulo,SP,312
1b1ae47a313a825a7ccceb8e2e30fa9d,bocaiuva do sul,PR,313
1b45169b635ef59425637e9a33eb5fb3,maringa,PR,314
1b4b28463457a256e9a784ebe2a8f630,piracicaba,SP,315
1b4c3a6f53068f0b6944d2d005c9fc89,sao ludgero,SC,316
1b61fb1f0f2185d89e9a126c498e9cc7,maringa,PR,317
1b65c144b17e607c0f37f10bb7dfec8d,rio do sul,SC,318
1b7e5006cb25dd23ce8686691013b121,sao paulo,SP,319
1b8356dabde1d35e17cef975c3f82730,sao paulo,SP,320
1b8b75e227c9a9c100d0c210fb6176ce,sao paulo,SP,321
1b938a7ec6ac5061a66a3766e0e75f90,penapolis,SP,322
1bb2bdb95f4841f1bba2c0d2cd83d3c9,sao paulo,SP,323
1bb3812d5f0747a3ab7348f199001a10,sao paulo,SP,324
1bc2e21de46adfea6b98cc96b00f3b40,joinville,SC,325
1c129092bf23f28a5930387c980c0dfc,sao paulo,SP,326
1c40343cc5d18c2d8248ac2f3366de34,limeira,SP,327
1c56ffe0e9dea2657fc6e95b53f40b13,sao carlos,SP,328
1c5e4e49b9079480255b49d50aac1aa9,santos,SP,329
1c68394e931a64f90ea236c5ea590300,sarandi,PR,330
1c742ac33582852aaf3bcfbf5893abcf,belo horizonte,MG,331
1c83418358f249c9d6affa52d579db0e,sao paulo,SP,332
1ca4bdb0cd7fc48e949bac066188ed26,cataguases,MG,333
1ca7077d890b907f89be8c954a02686a,santana de parnaiba,SP,334
1caf283236cd69af44cbc09a0a1e7d32,nova iguacu,RJ,335
1cbcd2ee0afb3fc09963b87eb65e7e4f,curitiba,PR,336
1cbd32d00d01bb8087a5eb088612fd9c,sp / sp,SP,337
1cbd50a8c52e6cf8e315c5709fab386f,fazenda rio grande,PR,338
1cbdc7cf130a41fd13a3c2a7d2fcfda7,lambari,MG,339
1cd9e0cc1839d55516843def5600816d,sao paulo,SP,340
1ce3ae5a399804d1a87e706f8a813c3e,jaguaruna,SC,341
1d0646a72178a6fb37ee8082140e06ec,joinville,SC,342
1d0997ff06b524ce9289ffd75114ecd3,recife,PE,343
1d139e3a3b14025640d8df1b230aace0,barrinha,SP,344
1d1bbb8ac1581824986f582583fff01d,indaial,SC,345
1d2732ef8321502ee8488e8bed1ab8cd,rio de janeiro,RJ,346
1d29dfba02015238dfbe2449a5eaa361,vicosa,MG,347
1d4587203296c8f4ad134dc286fa6db0,sao paulo,SP,348
1d503743d2526f03f0c2c89540ee008c,sao paulo,SP,349
1d8dbc4f32378d715c717c1c1fc57bae,arapongas,PR,350
1d953075c2f0dd990bacf27b83b330f1,belo horizonte,MG,351
1da366cade6d8276e7d8beea7af5d4bf,uba,MG,352
1da3aeb70d7989d1e6d9b0e887f97c23,sao paulo,SP,353
1dc2de47ee26a0a5b12dc14fd6dc0dea,ibitinga,SP,354
1dcfa3835714681d4ba4a93bc1e0fd41,birigui,SP,355
1dd33b8119b3cb1056ed5dc88cd0aaf4,sao paulo,SP,356
1de62b6f2fd96227629786db492433db,sp,SP,357
1dfe5347016252a7884b694d4f10f5c4,ibitinga,SP,358
1e26c56af8d48424e1df0140a2401f83,jaguariuna,SP,359
1e47d8b6546eb3a77b1acddcc9406242,campinas,SP,360
1e47defeeadeca0e9a18fa5a9311e735,catanduva,SP,361
1e483cc5c76fef08d3ca05f9a8af7d01,sao paulo,SP,362
1e8b33f18b4f7598d87f5cbee2282cc2,sao paulo,SP,363
1e8c6a4c538f286aee9573239740a4b4,itatiba,SP,364
1e9d5a33694bddb76316fd1f54734d20,jaciara,MT,365
1eade46fba20122dc4aefb379f8c636b,sao paulo,SP,366
1f1bb1f0859883505541bdd6606193e5,sao paulo,SP,367
1f2eebc0e970fd3c463e4f5d9652687a,sao paulo,SP,368
1f50f920176fa81dab994f9023523100,sao jose do rio preto,SP,369
1f7dfad2cb384ea4d2d7e1ffbd78c407,sao paulo,SP,370
1f7fd2a6fcd5a6fa5d8a4dabc72aaae0,venancio aires,RS,371
1f867308a0ce13133a4e639ff4de0c02,curitiba,PR,372
1f9ab4708f3056ede07124aad39a2554,tupa,SP,373
1fa2d3def6adfa70e58c276bb64fe5bb,sao paulo,SP,374
1fbe10c70e30765ed1de86d9f7e98409,maua,SP,375
1fdc574883ef3b33ad41562d93f3a74a,limeira,SP,376
1fddcb7b326905d3ad5efe82187db347,sao paulo,SP,377
1fe5540d7c1c37a595fefbacd5570d9e,paraiba do sul,RJ,378
1fe61aa5494bd3ae92a2c13e067c810f,santa cecilia,SC,379
2009a095de2a2a41626f6c6d7722678d,sao jose do rio preto,SP,380
2039c5e51785b5dde7cf93ccb3b7be2c,guaira,SP,381
204b4e07bddef3c9b317f70189135b22,borda da mata,MG,382
2059c39f76271d4ca3f15b5ffaccc8b8,curitiba,PR,383
20611af7866c6068fd5ae1f9dbe15c92,porto ferreira,SP,384
2063dd1b9f568df1c16741ea7d3e6adb,guarapuava,PR,385
2075d8cd4dd63ff12df0749a5866bb06,curitiba,PR,386
2078fe5066350e7d220c0ad3a3bbc6c1,arapongas,PR,387
2089a6d640999f9b9141ac719b2af596,sao carlos,SP,388
20a7efa9721046319bdde5d60b6b5365,laguna,SP,389
20a8b0dc55da94fe74d112082427c84f,itu,SP,390
20b54c376b794ed028df09a3cd88e8dc,sao caetano do sul,SP,391
20cb7c2fde3e5bf10f0bbe7394e1c6a9,andira-pr,PR,392
20d53aad4fe5ee93a64f8839609d3586,santa rita do sapucai,MG,393
20d83f3ef0e6925fd74bfd59170babf7,sao paulo,SP,394
20f0aeea30bc3b8c4420be8ced4226c0,santa barbara d'oeste,SP,395
20fd2d2080ed85fa67fad3fcbb2c1813,colombo,PR,396
2138ccb85b11a4ec1e37afbd1c8eda1f,sao paulo,SP,397
213b25e6f54661939f11710a6fddb871,salto,SP,398
213fafb0ca06fb3d5886579c2565791b,sete lagoas,MG,399
2156f2671501a81034d7d07f217609d0,sp,SP,400
217f005bb37ff3aeef5b2ae1788e75ba,osasco,SP,401
218d46b86c1881d022bce9c68a7d4b15,ribeirao preto,SP,402
218f991754f360af9c2daa5e0b8e990c,sao paulo,SP,403
2199e7fe213c16213bf5d6a7eadc9a5d,registro,SP,404
21c62b998a043ebe31161d38f84929fc,fortaleza,CE,405
21d59342ba150175ca2aa4f8faddeca6,itaquaquecetuba,SP,406
21e83881401b92b49fb09a16d3852291,uberlandia,MG,407
2235cf78d3e2073a88146a9cb60f0dd0,sao paulo,SP,408
226b05fe067266c59c15dae208213d06,curitiba,PR,409
228e4c1a0be164f613d41c24345f9d2c,bandeirantes,PR,410
229c3efbfb0ea2058de4ccdfbc3d784a,belo horizonte,MG,411
22a23e5ac7061fc538cc2a019afaaf16,belo horizonte,MG,412
22c32ec35d0116ef02c281798a25bf8b,maringa,PR,413
2305ab43e846518f58dd9d59f3f54e96,sao paulo,SP,414
232a6014e7b10cba61c6c2b2ea6bb4b0,cafelandia,SP,415
23613d49c3ac2bd302259e55c06c050c,porto ferreira,SP,416
236585a4ddb5fea9fa40233e2249ed91,caxias do sul,RS,417
2379bdc3888025689a9deb7b141507d5,mogi mirim,SP,418
238fac594e170b59c6d228f5a4f4f1d9,dois corregos,SP,419
23a0ffca143a15b9b5bbdb7d552f626a,sao pedro,SP,420
23c38debaffe4a25a30fdbd9b586a13f,votorantim,SP,421
23ca5f678e0b3ea6c630b30fa8bf51ea,sao paulo,SP,422
23d7c96d4a1160db1c726b248601b25a,capivari,SP,423
23ff42c4bf1f8f16cddb19d8b972974a,itau de minas,MG,424
240b9776d844d37535668549a396af32,niteroi,RJ,425
244b04680fdbded0acf5aebd9c92b44a,jundiai,SP,426
244c2f1bff6afe1f2eaf9bfe9b2aed38,mogi das cruzes,SP,427
247587846358bb1d2e4c6522020b36fe,sao jose do rio preto,SP,428
2493dc3f20131696a0ecdb9948051a8d,brasilia,DF,429
249f0e9905a6e06ad6c6bea7547ab9f6,rio de janeiro,RJ,430
24a6daf925d9d591870a66660416de31,robeirao preto,SP,431
24c1de8d9551c0b4fbc53317d53efda8,serra redonda,PB,432
2528513dd95219a6013d4d05176e391a,osasco,SP,433
2528744c5ef5d955adc318720a94d2e7,jundiai,SP,434
252e76235acb79183cfca6e34f13337d,campinas,SP,435
253c025bab43881055aeecde5e2d8b77,curitiba,PR,436
253f95b3a0e6983ae18aed49fbc2b845,sao paulo,SP,437
257e61d3251fb5efb9daadddbc2cf7ca,apucarana,PR,438
258447aad3f7b01e2643c89f64dc5647,cianorte,PR,439
259f7b5e6e482c230e5bfaa670b6bb8f,poa,SP,440
25be943a321c8938947bdaabca979a90,sao bernardo do campo,SP,441
25c5c91f63607446a97b143d2d535d31,itauna,MG,442
25cf099de44674fde97473224f9d59ab,cotia,SP,443
25debeafbce801fdd479539350185eee,igaracu do tiete,SP,444
25e47381a6c510ddeb36084e33b89f0c,praia grande,SP,445
25e6ffe976bd75618accfe16cefcbd0d,sao paulo,SP,446
262237171f48e85819065498cac80d7b,brusque,SC,447
2646baaf662d4d92ac48f047e35db92d,sao paulo,SP,448
26562f211dd1364af2a8596dc945e8ae,sao bernardo do campo,SP,449
265fdc289dffa9f1ad801c74f7d0de47,jaci,SP,450
26785a546900236d66f2e4197c211158,sao paulo,SP,451
269c5fc9fcadee614364c3620c30a1f9,guarulhos,SP,452
269cff2d3c8d205c11f37a52402ea93b,catanduva,SP,453
26af45f5dfd967225a832838aa4e24a3,curitiba,PR,454
26b482dccfa29bd2e40703ba45523702,santa barbara d´oeste,SP,455
26bad72add1f86e08a776ce4ffdaf1ca,pedregulho,SP,456
26d6bbee02420494d471c9f6436929c0,curitiba,PR,457
26d8a1c7c75d513045798992ead43aa2,apucarana,PR,458
26e13b6ff5b641b329e5524241ee2c93,franca,SP,459
26e2c91ef821e1ff8985f408788fe35b,ibitinga,SP,460
26e2e5033827d2ba53929f43e03d8ffe,sao paulo,SP,461
26f6b7ab07be3e9e69ce82a6552efc19,rio de janeiro,RJ,462
270297ead4c65a6cd2593960d2af6b21,sao paulo,SP,463
270572bb714b00531be85e16e1550f26,maua,SP,464
2709af9587499e95e803a6498a5a56e9,sao paulo,SP,465
270d3ef21830ad0ecf3a6c53d08a533a,carapicuiba,SP,466
271b8923c6a549e02d3c9fd1f8c0422b,praia grande,SP,467
271c58a1d139c45eaf3316107c6d3a3b,sao paulo,SP,468
272f092de69afedd4d2969440b37f18f,sao paulo,SP,469
2745f798279e0ed033addcc1474776d7,sao paulo,SP,470
276677b5d08786d5dce7c2149dcce48b,belo horizonte,MG,471
278b6e0b20c4f61fefaa0577943d7a35,itajai,SC,472
27a56ff04b34c2ba34ce6ba4d3b9d616,campinas,SP,473
282c7480173bb9c01dd41cc739fec010,sao paulo,SP,474
282f23a9769b2690c5dda22e316f9941,belo horizonte,MG,475
28405831a29823802aa22c084cfd0649,sao paulo,SP,476
28872dc528e978a639754bc8c2ce5a4c,caxias do sul,RS,477
289cdb325fb7e7f891c38608bf9e0962,belo horizonte,SP,478
28a26ebce31d5918b181ede016fd693b,belo horizonte,MG,479
28c7d8743fbc8679f484868cc0fcaefb,itaporanga,SP,480
28d162ab86bb49d719c32f0ee6186eaa,ribeirao preto,SP,481
28ea411b354f14b1a494be4e79f0ce02,sao paulo,SP,482
28f10b1c5e5abb9d4857745bede6147c,sao paulo,SP,483
28fb0829fd777877cdc350d25cb5bd5b,sao jose do rio pret,SP,484
293dee954235e4e4e43f129313625ebe,brasilia,DF,485
2953ce3a88f5e3c3b696d77fc9e4c8eb,sao paulo,SP,486
296729ffb9b684050dd24836dac4494a,curitiba,SP,487
297d5eccd19fa9a83b2630071ff105e4,curitiba,PR,488
299c89a525fee36c567f4fe72f038100,varzea alegre,CE,489
29c322e3f09f886f8bacbe91dfbd979e,santa maria,RS,490
29e6e05b65f93bc224c644319dc52ecf,juiz de fora,MG,491
29fe9f200d3fa0c668d2aa1ec7e08dfb,balneario camboriu,SC,492
2a1348e9addc1af5aaa619b1a3679d6b,belo horizonte,MG,493
2a167ca73899c85001a837d8fb4962f6,sao paulo,SP,494
2a261b5b644fa05f4f2700eb93544f2c,porto ferreira,SP,495
2a50b7ee5aebecc6fd0ff9784a4747d6,brasilia,DF,496
2a5b78b41cd05baeac8df54c6606b92c,formiga,MG,497
2a61c271b1ac763450d846849783e922,santo andre,SP,498
2a6fbeaa7ab9e5d59a35841a8da71ce4,jaragua do sul,SC,499
2a73cba571d90c694b7caca072ccf6ce,sao caetano do sul,SP,500
2a7c6c0b0d5efde2bf75ec1e1cec2d41,maringa,PR,501
2a7dc43cecabf23403078e2188437d1d,sao paulo,SP,502
2a84855fd20af891be03bc5924d2b453,belo horizonte,MG,503
2aa3443d7bf9d9bb11133f420d75e083,rio de janeiro,RJ,504
2aafae69bf4c41fbd94053d9413e87ee,porto alegre,RS,505
2addf05f476d0637864454e93ba673d5,brasilia,DF,506
2b03ac196f5ed62ac483960fe0fa3b65,sao paulo,SP,507
2b1a40c1daabc6ca280c4b815c101841,divinopolis,MG,508
2b2fed75b8e5ea3a052fc4c0825da485,juiz de fora,MG,509
2b3b9ce054da76a7428df143a567b156,sao paulo,SP,510
2b3e4a2a3ea8e01938cabda2a3e5cc79,sao paulo,SP,511
2b402d5dc42554061f8ea98d1916f148,irece,BA,512
2b5ed0c9139dae8883a200dfcb272ece,sao paulo,SP,513
2ba91c7ad80ff88b23b7db823b43c233,itu,SP,514
2bd05d410a8fd26dc4184a15f4f2f588,belo horizonte,MG,515
2bdb95a56a36ebbc6640337ac5eac174,sao paulo,SP,516
2be17df1c49978426251562096c3cc09,tubarao,SC,517
2bf28e311bba65237358230cabac3f15,londrina,PR,518
2bf6a2c1e71bbd29a4ad64e6d3c3629f,nova friburgo,RJ,519
2c00c85d30361cd2ced2969cffbbffa3,belo horizonte,MG,520
2c2c9832d1bb38c5b0034a3b47d313ee,santa maria,RS,521
2c3d56f92f360fb89d849b84e8f50eae,barueri,SP,522
2c43fb513632d29b3b58df74816f1b06,belo horizonte,MG,523
2c4c47cb51acd5ea5db5e0ae0e26542a,buritama,SP,524
2c538755f1ca9540af144f266e70df6c,castro pires,MG,525
2c54051840f19eca309a5423cf22df36,curitiba,PR,526
2c9005d8043aff18b8557ffb7b13cda4,cachoeiro de itapemirim,ES,527
2c9e548be18521d1c43cde1c582c6de8,mogi das cruzes,SP,528
2cb4700db635baa1c0d4f90ed27b6669,curitiba,PR,529
2cb6eb1b7185064167657fa09f541105,sabara,MG,530
2cb98e27ce1c18abdb42209b34c382a7,ribeirao preto,SP,531
2d20f1cd18725c91147da0791d498022,londrina,PR,532
2d22fc3089eb907b29ebff50581fb472,macae,RJ,533
2d2322d842118867781fc737e96d59a1,sao paulo,SP,534
2d2c62bef4c8ba0dd74e0e228e808539,ribeirao preto,SP,535
2d34636518ba88f5349b732fcf8ba2e4,sao paulo,SP,536
2d378dbb39815785238c0139c7647fb7,sao francisco do sul,SC,537
2d42ebcda99fd55f6f4bc2f1ca035d50,uruacu,GO,538
2d50d6282f8aa2257819a77bfaa0efe0,ibitinga,SP,539
2d518637f53161b973e01f56ea4bb88e,sao paulo,SP,540
2d8cfba3fcd3170555941605edaa196a,osasco,SP,541
2d9e8987a2ea5cf88dce330249043ff1,jaci,SP,542
2dcf93836ae3ce0d7c93e2f10876467a,sao jose dos campos,SP,543
2dd1fb6f0e42a2243b8a01e40cd41216,curitiba,PR,544
2dee2ce60de9709b1a24083217181a1f,sinop,MT,545
2e0dba2da448400b1c11d7b4b22f32a4,santo andre,SP,546
2e13c71026e1a39ba5cc1b86dcb679aa,sao paulo,SP,547
2e1a7d075abe038c1b2743005fe42ff1,sao paulo,SP,548
2e1c9f22be269ef4643f826c9e650a52,sao paulo,SP,549
2e2f44824ab87a0cb961f68bf4073e7f,curitiba,PR,550
2e3be8a987a30d7544dbbda6861cc14e,belo horizonte,MG,551
2e7ea2aafec5835e781b21d6d1faf1f1,sao paulo,SP,552
2e90cb1677d35cfe24eef47d441b7c87,sao paulo,SP,553
2ea0861cc19e94cad86438c984c52da4,sao paulo,SP,554
2eb70248d66e0e3ef83659f71b244378,campinas,SP,555
2ec6e37d992a95eaddb3369dcbcc76d9,porto alegre,RS,556
2ee0a0689f2f6a72f35a7cb6033f6e7e,presidente prudente,SP,557
2eeb6531ee027a48d401e72bebdd87d3,sao jose dos campos,SP,558
2ef086a599b597572aca4433b7ed6b3d,jaragua do sul,SC,559
2f09f7d37a97956d11cc1a7cadd5262b,ribeirao preto,SP,560
2f1e7b90e01d9f086cbcb301c0c3d406,blumenau,SC,561
2f3d8b4c9e2ee165075331fea3f3095a,sao jose,SC,562
2f4b0d3b9634b647d4edee577d7ebb7e,sao paulo,SP,563
2f4b9d112bfa44a214bc6cef085d17c8,afonso claudio,ES,564
2f73e04d12cdf0c945ded66bb3fcf6c7,cachoeiro de itapemirim,ES,565
2f74af7a0ee5636f12c2336f9fffed47,sao paulo,SP,566
2f9b7ce230a057a98a9f5df5893ee36c,barueri,SP,567
2fa13c8bd5705d279f7ed5cc9ec61c68,sao paulo,SP,568
2fb25ab44bdbeae6a4d816e0d0c9d500,volta redonda,RJ,569
2fdde51ad3e12f297da656d4fbd5d0b5,joinville,SC,570
2ff6b7bff164ef05590a52734e1296da,londrina,PR,571
2ff97219cb8622eaf3cd89b7d9c09824,salto,SP,572
3076499bbc033a927bf4a8a41bcf7fd4,auriflama,SP,573
3078096983cf766a32a06257648502d1,scao jose do rio pardo,SP,574
30829ded4523ab9224b93bc49a62c95f,parai,RS,575
3092c0b297aacfb4bb6e056ebe13b9b8,aruja,SP,576
30a2f535bb48308f991d0b9ad4a8c4bb,santa barbara d'oeste,SP,577
30a81d8cf85fb2ada1b1b094c9583a95,sao paulo,SP,578
30c7f28fd3a5897b2c82d152bb760c17,niteroi,RJ,579
312ba1d77e9c332ef21f9598b7f64cd7,guarulhos,SP,580
31344c16881c08a8a72c6d2eb29918c1,uba,MG,581
31561f325664a8a7aba4c8d0c3a9b3db,sao paulo,SP,582
318f287a62ab7ac10b703ac37435a231,sao paulo,SP,583
31ae0774c17fabd06ff707cc5bde005f,americana,SP,584
31be790e64fc99f8ff48ec2bd18a3104,sao bernardo do campo,SP,585
31da954dc0855f2495c6310f70a2f931,araras,SP,586
31e60bf8d103ce47932a85f5562deb16,goiania,GO,587
31eec405c9bb71dec8e2629a92e764fa,cachoeiro de itapemirim,ES,588
323ce52b5b81df2cd804b017b7f09aa7,sao paulo,SP,589
324583d68897f5ddbaf38f6248322176,sao jose do rio preto,SP,590
325f3178fb58e2a9778334621eecdbf9,taboao da serra,SP,591
327b89b872c14d1c0be7235ef4871685,manaus,AM,592
3289d8c3eef4873f91ce0b1343c0dd58,praia grande,SP,593
328acb143b4a73aad6bee8e734f5d20d,foz do iguacu,PR,594
3296662b1331dea51e744505065ae889,catanduva,SP,595
32b8764b4ef628b53608fc34011fcc13,lages,SC,596
32e5635e63cb374eb63afdd242fb6134,rio de janeiro,RJ,597
32f1bb9dfa65bc7df5c0d9d95a616be4,sao paulo,SP,598
32f83ffe11cd40f7adcf4eef171f52d9,uruguaiana,RS,599
32fdd5d44ecb43dfd6a24b9369eca144,carmo do cajuru,MG,600
3338e7a0710a195872be80e0d2423867,piracicaba,SP,601
333c4210e76a1aa2ab817b99437e3ff1,vargem grande do sul,SP,602
3340ef1913fb70d28420f6ceb685c339,maringa,PR,603
334cab711dee080b079fa5779b584783,santo andre,SP,604
33576ec5412fb5905d876f12f33bfde6,curitiba,PR,605
3361277dc30b7cccdb0c286b24219756,maringa,PR,606
3364a91ec4d56c98e44174de954b94f6,porto velho,RO,607
33a17d60c64393351ebf1ef860f4e0f2,porto alegre,RS,608
33a6f4b1e7cdc205511e76ba1b6e0186,guarulhos,SP,609
33ab10be054370c254ddfcf0a6253422,rio de janeiro,RJ,610
33ac3e28642ab8bda860a2f693000e78,cotia,SP,611
33c51922b6e3c16b24a8f28e5833c99d,londrina,PR,612
33cbbec1e7e1044aaf11d152172c776f,bento goncalves,RS,613
33cbda8716511e27e556dff9d8418bf2,blumenau,SC,614
33d677f27a69b84051204ee4ae76eaca,joinville,SC,615
33dd941c27854f7625b968cc6195a552,vila velha,ES,616
33fd411ed63a7c2f9005e3f065d9f85d,condor,RS,617
34056b8b55c1775a22af2331670a799c,penapolis,SP,618
340636a908b13bbe0f4fb63fbe1d0c03,sao jose dos campos,SP,619
343e716476e3748b069f980efbaa294e,campinas,SP,620
3442033154be05bac582e173ef54fd12,sao paulo,SP,621
344223b2a90784f64136a8a5da012e7f,gaspar,SC,622
3442f8959a84dea7ee197c632cb2df15,campinas,SP,623
34675b28b826facfde119785bf287dc1,cascavael,PR,624
3481aa57cd91f9f9d3fa1fa12d9a3bf7,capivari,SP,625
3492e68f37fd1df87f4f2f2ea247f445,salto,SP,626
34a557286ead8fe75c989e0afcf7d98c,franca,SP,627
34aefe746cd81b7f3b23253ea28bef39,curitiba,PR,628
34d1ca11b242c0fee2c834ae8d788566,congonhas,MG,629
34f563c82a85b99ae9e6d60db5fc2e28,campo bom,RS,630
3504c0cb71d7fa48d967e0e4c94d59d9,maua,SP,631
35281d148dcf7134bae913c57db4e6da,sao paulo,SP,632
353e21e8bf8de2722b4fae1636664b76,canoas,RS,633
35857757f553273b1056c1cabdace7fb,ribeirao preto,SP,634
3586b8580d9c917874e053a1bb37b5ff,araraquara,SP,635
35b96509602ec4b7da831b5cd73ff2c2,sao leopoldo,RS,636
35ef5aa32949680f627efec3c23e705c,sombrio,SC,637
35fb511489d9ee3ee27a76debce9df06,londrina,PR,638
3606774ec64634822d78dc2db6d37045,sao caetano do sul,SP,639
365e445f796710c3431557e85caa25db,sao paulo,SP,640
365e4bce19bda0082c3d15d83fdb8bcd,sao caetano do sul,SP,641
36890be00bbfc1cdb9a4a38a6af05a69,osasco,SP,642
36a968b544695394e4e9d7572688598f,santos,SP,643
36f98ad67cc981f50ce8aed093d5783c,toledo,PR,644
37303482a42fb700d8d127e70a9cd6c8,campinas,SP,645
373ee4a3a775a733770ca3f790b8b9ac,rio de janeiro,RJ,646
37515688008a7a40ac93e3b2e4ab203f,dracena,SP,647
376a891762bbdecbc02b4b6adec3fdda,goiania,GO,648
376d67b61dce0c990155286e7ae486a4,sao paulo,SP,649
3771c85bac139d2344864ede5d9341e3,sorocaba,SP,650
377bc18334c78dd2f1535ef22a3ad225,sao jose dos pinhais,PR,651
3785b653b1b82de85ab47dd139938091,ampere,PR,652
37be5a7c751166fbc5f8ccba4119e043,sao paulo,SP,653
37ceb404da208418c9032f0674e57804,sao paulo,SP,654
37dd29b36c458d82f74a953c40c43645,limeira,SP,655
38102b031c2a15e54623d711bfc753d3,mucambo,CE,656
381c83fdca332ea6afd896da20bf6e4a,curitiba,PR,657
3820c6537b3853be1a0687d5a60807ec,cotia,SP,658
382229d1e840115ffe3dbf5ff460e417,rio de janeiro,RJ,659
385799a1cddbd26dfeb9157356a42282,sao paulo,SP,660
38874e327ce94d11390b96eb42d61928,itaquaquecetuba,SP,661
389e45560e33d2d0747f949dcddbc08e,sao jose dos campos,SP,662
38af8acfd46ac4a7bf754e8ca6736664,sao paulo,SP,663
38e679b9e0064cd94c6f035707344dae,londrina,PR,664
38e6dada03429a47197d5d584d793b41,sao paulo,SP,665
38f276ca6e7cc95a6d1bb55ac9e5550f,marilia,SP,666
3903c788ded8dc03b5ebab37a2f3e9a1,carapicuiba,SP,667
391bbd13b6452244774beff1824006ed,campinas,SP,668
391fc6631aebcf3004804e51b40bcf1e,ibitinga,SP,669
392353362d22cc2c236e1ee81ff19890,blumenau,SC,670
392e0502231ae2f8b29994ef6398cd77,cerqueira cesar,SP,671
392f7f2c797e4dc077e4311bde2ab8ce,rio de janeiro,RN,672
3935fe5fe0f82787a9dcb8deb62be09d,sao paulo,SP,673
3968920b9aa752ab98f7d5888c9252f2,bauru,SP,674
3969863bb8af7f72580b3b1ffd3a17b3,sao paulo,SP,675
397c4d0c005b6f41f90098ac724e28cb,santo andre,SP,676
3985a3c45be355a4c57fde108bfabd1c,rolante,RS,677
3986c0b54f6b748b75e7bd4e092aa3e5,curitiba,PR,678
398cb257329ef7af7f1943a8974a3cbc,salvador,BA,679
39a5005f2605cbdb4f9ac14485cabfd1,barretos,SP,680
39c763cca83e654764b7a4a650fb9b7c,goiania,GO,681
39d54ff918774174706fb065d7f9dc07,sao paulo,SP,682
39d61be7a92eb77b7da367bd4845bc0e,sao paulo,SP,683
39f776d2974049026ff531fc42ef2a3e,goiania,GO,684
3a1a1fec38dd360f15fc912e821e169d,sao paulo,SP,685
3a3c180dd702a725bd0ba4117689239e,uniao da vitoria,PR,686
3a3e46d10f74d8a6ca76e2b538f106a0,sao paulo,SP,687
3a4127e1ba7208ea37044c5092aae170,sao paulo,SP,688
3a490ba60afa30ece0e7d50cfe74a4f0,belo horizonte,MG,689
3a52d63a8f9daf5a28f3626d7eb9bd28,aguas claras df,SP,690
3a734b715d333a2588a3d54a0c9b8746,osasco,SP,691
3a79f35a2344ede41af21267f61d5ec6,campinas,SP,692
3aa3c89ae3cd482385568be76120f63c,goiania,GO,693
3ab971ce71839580d2ae5b4e40fe8044,sao paulo,SP,694
3ac588cd562971392504a9e17130c40b,limeira,SP,695
3ade81dab5a172b88e1871c28ae05260,sao jose do rio preto,SP,696
3afc536624bc2e65bddfb5db33cc01f3,belo horizonte,MG,697
3b15288545f8928d3e65a8f949a28291,ibitinga,SP,698
3b18f9856c6eb2413eafedb58e9eecd9,santo andre,SP,699
3b872fd4747f01cc56206f2934198618,ibitinga,SP,700
3bb32fedaa74e4ad20f4ce067733bd31,porto belo,SC,701
3bb548e3cb7f70f28e3f11ee9dce0e59,maringa,PR,702
3bdff180c7e1f6551a643b99c265a120,sao paulo,SP,703
3be5841cdcc46de4ed3f9116f104b2c5,barueri,SP,704
3be634553519fb6536a03e1358e9fdc7,sao paulo,SP,705
3bfad056cf05c00dabe2f895925d83b1,osasco,SP,706
3bfba5a77604f6dfae7e6dd7aaf65821,londrina,PR,707
3c010235b7345c92f125d14ee232a76b,mandirituba,PR,708
3c03b12bab54d8b37d79d914bfdb1aa0,sao joao de meriti,RJ,709
3c3017960b2dbd72711a61f0400aab8f,jaragua do sul,SC,710
3c487ae8f8d7542beff5788e2e0aea83,gama,DF,711
3c4e0452bff7a2a788179488d3d77032,colombo,PR,712
3c7c4a49ec3c6550809089c6a2ca9370,sao paulo,SP,713
3c88ed2e76a2247933a15daa7161eb1c,cosmopolis,SP,714
3ca08eeb8d5595949fed424bd3677742,curitiba,PR,715
3cfa1358a6caa965278721344c8d76f2,sao bernardo do campo,SP,716
3d01d1c414c44b5943a09619ff3853cb,campinas,SP,717
3d0cd21d41671c46f82cd11176bf7277,joinville,SC,718
3d2400ac620cffa23ac81bd192f7f555,sao bernardo do campo,SP,719
3d2531eccfbde1d7c8db7a3a12fb267a,contagem,MG,720
3d290fe363c60a77498c1126fd3fb8d3,itapevi,SP,721
3d39fbf22a665714baf62fae36029e23,campinas,SP,722
3d3ccf2b2f8134b10dce9dd446f0e075,ibitinga,SP,723
3d4824f20035949c710eaf111f869d39,sorocaba,SP,724
3d49bfdd1b43a7fe169b3740067acc61,montes claros,MG,725
3d4b1ae7539303b5704493798893e82c,sao paulo,SP,726
3d5d0dc7073a299e31fa718ce1bc00b6,rio de janeiro,RJ,727
3d621842b2ed28e2b474132480edac3c,sao paulo,SP,728
3d62f86afa7c73be2628a3be1423f5a0,jacarei,SP,729
3d68c634a99a1ba46dbca3967a69c623,nova trento,SC,730
3d700782d7818f2c1e0d7a9e9d75fc00,sertanopolis,SP,731
3d871de0142ce09b7081e2b9d1733cb1,campo limpo paulista,SP,732
3d8fa2f5b647373c8620330c4e077a9f,sao paulo,SP,733
3da38366e7bd9baf6369071f782ecdf0,fortaleza,CE,734
3db66a856d18a9cba7c9241fc5221c50,ponte nova,MG,735
3dbbce181edfaa4a597ec858c382d2ec,curitiba,PR,736
3dc69bf2c42f0568a5c4791ec3fd3745,sao paulo,SP,737
3ded4e2d5f135cb103e5949d7263d2dd,pouso alegre,MG,738
3df020b72d3d44b3af9d110fa3940b65,jales,SP,739
3dfd3dc96f7f8598eca74e9ac8a2fa31,sao paulo,SP,740
3e35a8bb43569389d3cebef0ce820f69,sao paulo,SP,741
3e46a38ee171c503c3b4a3f23fe3bf0c,sorocaba,SP,742
3e51f9cbe317bc3a88f2c76583811ee4,sao paulo,SP,743
3e8bd881d92466e63ba9e3e809cd3c50,rio de janeiro,RJ,744
3ea00e1dea2b0659dbaf654735929220,curitiba,PR,745
3ea08c48e851106d2f584349daba335f,barbacena,MG,746
3ef37b7ca6dd2b80bd8af81a62504996,sao paulo,SP,747
3f0e48d209018b466fcd3bb4ccfeb520,curitiba,PR,748
3f2af2670e104d1bcb54022274daeac5,terra boa,PR,749
3f3486b61f45078d4f31ee5e43d8c5bb,sao paulo,SP,750
3f8034bfc6b8b4135534975d49f04c63,curitiba,PR,751
3f8247d0f772ffa58560e5c682521ad5,joinville,SC,752
3f84fefc07dc159b268d4a77d3e8c425,fazenda rio grande,PR,753
3f995f07c49d0d55a99d5c54957f7d81,itapecerica da serra,SP,754
3f9be91358837bff69df67edfa3e42e8,londrina,PR,755
3f9c56764fabca627406093dcb3ef0b4,rio de janeiro,RJ,756
3fac58ce0ad699020c7944d53c41329c,sao paulo,SP,757
3fadb4cba4c35bce6a7eaf9872d5623a,caxias do sul,RS,758
3faf68a3b0af94b10bac70d86077be49,holambra,SP,759
3fd1e727ba94cfe122d165e176ce7967,araraquara,SP,760
3fe7120d6257285ac6a3ce7cb071ccec,governador valadares,MG,761
3febca52652e7209509ccfe61cbde40e,itaquaquecetuba,SP,762
3fefda3299e6dfaea3466ef346a3571a,curitiba,PR,763
4003520d80d0bad1d5623f7aa3c63cda,rio de janeiro,RJ,764
400f221ab83037c0ea78f1267da9624d,osvaldo cruz,SP,765
402916f742e5c740cc751493d9cf5053,guanhaes,MG,766
403aa86912527d730337ffcb0fb096ab,belo horizonte,MG,767
4049512728d969bec69f84088b012416,belo horizonte,MG,768
404e1ba01358af4cd63f679b2c4d1fa1,juiz de fora,MG,769
40536e7ca18e1bce252828e5876466cc,caieiras,SP,770
406740ee611378a662d274c7d8c43c4a,vitoria,ES,771
406822777a0b9eb5c50e442dd4cd3ec5,tatui,SP,772
4091f77d8c768fc3e81c20761471761d,sao paulo,SP,773
40d54b51e962dbe09cabbcfd33298dee,santo andre,SP,774
40db9e9aa57f7bb151bcda6b0f9bdbb7,recife,PE,775
40ec8ab6cdafbcc4f544da38c67da39a,francisco beltrao,PR,776
411f3b52d857390502ee4e4d5ceabc2d,ribeirao pires,SP,777
4125d9385a25e82d2f72d3a0fd55bc3f,santos,SP,778
412a4720f3e9431b4afa1476a1acddbe,campinas,SP,779
4170f6a9367e6b5d6401d03ce6d54569,brasilia df,DF,780
417a1e6c7321084d2a0ae0d023cfad93,imigrante,RS,781
41958cbd3335433c8740300e8cd600d5,sao paulo,SP,782
41ab63a91b8b264e8c8780368bf1dd5b,belo horizonte,MG,783
41b14765bd56c8ad10971074380f9c0c,santo andre,SP,784
41b39e28db005d9731d9d485a83b4c38,santo andre,SP,785
41b86b552e54e3a7009596125aa8b167,sao paulo,SP,786
41c2bad7229b0c25e6becf179ebf63ff,natal,RN,787
41c9d3997dd3c072c31139dc5bb5761f,araxa,MG,788
41da412d33e8da4f22baf55cb1bde82c,domingos martins,ES,789
41e0fa5761c886a630994a55c12087e7,guaruja,SP,790
4200ddf1967c5e41e48db62bc6d4b5ac,sao bernardo do campo,SP,791
4221a7df464f1fe2955934e30ff3a5a1,bahia,BA,792
422be4cc81a457fdb46f47edeb968ae5,ibitinga,SP,793
427165bf50f8ca07efc7bdc2bfcf1688,americana,SP,794
42b6488f5b8246d9141712abd4b1b693,maringa,PR,795
42b729f859728f5079499127a9c2ef37,sao paulo,SP,796
42bde9fef835393bb8a8849cb6b7f245,brasilia,DF,797
42d4b7e70819438f5ada61c965e92d7e,goiania,GO,798
42ef3192a9ff87a22d1867b74b3ee205,santo andre,SP,799
42fa4ee7240e9b8eb4576358ec142ba7,caxias do sul,RS,800
42fb44130ac3134cde8e35cf8ec7df25,pinhalzinho,SP,801
430315b7bb4b6e4b3c978f9dfa9b0558,sao paulo,SP,802
4305fe92735c8a43d154ff6dd2b8d927,coronel fabriciano,MG,803
431050a06a317f2b38168dec3dcd2b46,sao paulo,SP,804
431af27f296bc6519d890aa5a05fdb11,ribeirao preto,SP,805
4324dd16853115efb0fd9d0d131ba6f4,sao jose do rio pardo,SP,806
432c37c9dfba871172ec162e20118b8c,brasilia,DF,807
432c67955c0acd1fd6b0b5d678766a71,sao paulo,SP,808
43402bdf22aa2310e8f99e2f94f78628,ribeirao pires,SP,809
4342d4b2ba6b161468c63a7e7cfce593,rio de janeiro,RJ,810
436bf27f2f18474fc6047702e9f8a866,campinas,SP,811
4371b634e0efc0e22b09b52907d9d469,sao paulo,SP,812
43753b27d77860f1654aa72e251a7878,barro alto,BA,813
4391ea5c5990502176a1dcda44a2373d,porto alegre,RS,814
439a47cc365d6e3bd526812ea9de3c29,mogi das cruzes,SP,815
43a1d4bab73b816e44ef4e4facd9f9b5,maringa,PR,816
43a5d4a57af536fddc96d08be3afdfcb,varginha,MG,817
43b2c864251aa0ce4030c746984e088a,brasilia,DF,818
43f8c9950d11ecd03a0304a49e010da6,carapicuiba,SP,819
44073f8b7e41514de3b7815dd0237f4f,brasilia,DF,820
440dd6ab244315c632130ecfb63827b1,votuporanga,SP,821
443d880f15cbd3572885e1d44bf2c478,marilia,SP,822
4450bd8327d471c4a11a83d1445b1b62,cotia,SP,823
446cc09cdbb130904da114e807dbec40,sao paulo,SP,824
44717f64ec2a457979cf83c429077666,santa rosa,RS,825
447d377bdb757058acb569025ee18a93,carazinho,RS,826
44ed138eca6214d572ce1d813fb0049b,canoas,RS,827
44f091b5abab8018f682fce8124b85e5,sao paulo,SP,828
45213867cefbf2cd4c6177e10216a951,araras,SP,829
4559697a8f7e637227c2eeaed843baff,presidente prudente,SP,830
455befea1bb853c75ccbca94cff26e5c,resende,RJ,831
455c5640e8c5bd1b2ee85c0158f85727,luiz alves,SC,832
455f46ef09a9e45667e2981df84b5cc2,sorocaba,SP,833
457fe919b032a3f7dadba6fb92cf7855,paulinia,SP,834
458c6fa920810ce2492da71bc26d9eec,catanduva,SP,835
458d868c9642f55f18f04e951a3fdde6,porto alegre,RS,836
45a3d05fb00435e52a28859dd03703b3,guarulhos,SP,837
45ba18c210d42734ec52c0c1c574e9ee,sao roque,SP,838
45c20d94d9171b0bcfab3c955e47d67b,cordeiropolis,SP,839
45d33f715e24d15a6ccf5c17b3a23e3c,sorocaba,SP,840
461ff5303b6c9c1a4a07f40c5aece516,pinhais,PR,841
466222e777149751370e7e98fb623b0c,rio de janeiro,RJ,842
4677a5437afda5fa7140b927b07be1cc,japira,PR,843
46dc3b2cc0980fb8ec44634e21d2718e,rio de janeiro,RJ,844
46ef1a25845fc051c2998d878354810c,claudio,MG,845
4736e9d642ef4257cd7622516931eb51,piracicaba,SP,846
47648caee88ccfe951fbb27fbf7b4cbe,diadema,SP,847
478bfe564db21eeb44386606aa30b650,pedro leopoldo,MG,848
47efca563408aae19bb7206c2d969ea9,teresina,PI,849
47f55702f598c7c6cc8458b0fbc1c49a,dores de campos,MG,850
48162d548f5b1b11b9d29d1e01f75a61,piracicaba,SP,851
4830e40640734fc1c52cd21127c341d4,sao paulo,SP,852
48328ec9a579151d9cc6a86d4a59336c,canoas,RS,853
483ca627d131e18f988349b1655c0acd,mogi mirim,SP,854
48436dade18ac8b2bce089ec2a041202,volta redonda,SP,855
485452467ff670447e84a8370c3fc898,taio,SC,856
4867209cb29b56b92893d7bde3ce8012,jau,SP,857
4869f7a5dfa277a7dca6462dcf3b52b2,guariba,SP,858
48985c61529077fa4f1e38bcff0f2ed3,porto alegre,RS,859
48b6c3f4c6a93171da04b75313f2130f,osvaldo cruz,SP,860
48bad451945f5227341793478d6353ea,sao paulo,SP,861
48e5ee06fb2dc74df1c711a9b6dfac2a,oliveira,MG,862
48e954b2da4f6a750c844173b347ed40,porto alegre,RS,863
48efc9d94a9834137efd9ea76b065a38,curitiba,PR,864
48fb026ed7455a42f5d3e9390ed5088e,barra mansa,RJ,865
49067458c68f7701fd334ce326accbe0,juiz de fora,MG,866
4917cee8d902e13428c3ec4b1ca6f315,blumenau,SC,867
491a5ada3aa1678414e990262c4bbdc1,sao paulo,SP,868
49383af7ab774e4e8f3000f49c83dc4b,taubate,SP,869
4965a7002cca77301c82d3f91b82e1a9,sorocaba,SP,870
497709c2976a8fa308730a2dec5b0726,diadema,SP,871
4978a02ea9c8be7a9b5480680f40334e,sao paulo,SP,872
499185655c29ecfdbfe776ef7cf875b5,porto alegre,RS,873
4992e76a42cb3aad7a7047e0d3d7e729,sao paulo,SP,874
499ec63c58e51296c9cf57edcfe1c8a8,sao paulo,SP,875
49cdc90518a4f82676b38b3c1aa43ff6,sao paulo,SP,876
49e7217cfe4e427191c378ec626d8737,formiga,MG,877
49f8d2ea7b718d0ce587d34207caf2b4,sao bernardo do campo,SP,878
4a1917ef994878940e1fb03eeb787ad7,brasilia,DF,879
4a1f694197d05fe70026b016a7316b41,pedreira,SP,880
4a23adac87cf538689fa600d976f78b2,sao paulo,SP,881
4a3ca9315b744ce9f8e9374361493884,ibitinga,SP,882
4a3ccda38b2129705f3fb522db62ca31,marilia,SP,883
4a5b36211b1f51bf7eaa5c10a57fa483,sao goncalo,RJ,884
4a82168aaef173cbb6e46ae88728f919,irati,PR,885
4a82c4af97ffc0fb2dc26bfdc03b1842,lagoa da prata,MG,886
4aba391bc3b88717ce08eb11e44937b2,arraial d'ajuda (porto seguro),BA,887
4aba6a02a788d3ec81c03137144d9a80,canoinhas,SC,888
4b0fdb526525f9890eb145bf1534640e,ibitinga,SP,889
4b1eaadf791bdbbad8c4a35b65236d52,ribeirao preto,SP,890
4b39558c138930b9e5489c93b6df5fe3,aracaju,SE,891
4b5f66b7adcf57f1ecc0d3c07dd6b177,vendas@creditparts.com.br,PR,892
4b90495391ac0bd181a80a459df1e718,bage,RS,893
4b9750c8ad28220fe6702d4ecb7c898f,limeira,SP,894
4b98b0428fc1932cc2514ef9ce2505e6,taboao da serra,SP,895
4ba52dfeba874da5b9ee7b17c7494f04,mogi das cruzes,SP,896
4bc3d93e4a5f88a598d3d8ce4ae510b3,sao paulo,SP,897
4bcec44888b30ba9001234c534716d3f,santo andre,SP,898
4bde6149c15cf7e177b36fa060dd6de8,carazinho,RS,899
4be2e7f96b4fd749d52dff41f80e39dd,rio branco,AC,900
4be6b962d83299498bae2190f95d6566,sao carlos,SP,901
4be9ae93c4fc0f41713d71a4194ee1b3,divinopolis,MG,902
4bf2f4ee540798a61f9636d12cd9cc80,assis,SP,903
4bf658053d453036c70976bccb2c31b2,sao jose do rio preto,SP,904
4bfc7a4a1cf8d4d2121c27422d9e50b5,sao paulo,SP,905
4c03b9dd4c11ee2cb35c96c49efc9420,campo limpo paulista,SP,906
4c18691b6037662be2df78a765d98ab5,sao paulo,SP,907
4c1c7281388a33dd06daac44f9fadbd1,marilia,SP,908
4c2b230173bb36f9b240f2b8ac11786e,sao paulo,SP,909
4c498c7345e89aebad651544829beca0,carapicuiba,SP,910
4c4d546adf3c3868fe19c9ec6e9ffda9,maringa,PR,911
4c60877808f4318ef1107fbeb8f89afa,atibaia,SP,912
4c61e37f664c3c88aff092aa5ac779d7,niteroi,RJ,913
4c8545742faaf58fafd5fd14d25d75cf,fernandopolis,SP,914
4c8b8048e33af2bf94f2eb547746a916,ibitinga,SP,915
4cc43a222a0f94910728b62b97a8c5f8,ribeirao preto,SP,916
4cc4fd4fdd406a85bbdc1f824b731bd7,toledo,PR,917
4ce6e5f6c52515177e18c1c9361d8677,sao bernardo do campo,SP,918
4ce8b55b4bfa4659184e7becc1fba3f2,fazenda rio grande,PR,919
4cf490a58259286ada5ba8525ba9e84a,tabatinga,SP,920
4d0041cdbe51b4617d95c70b19decc74,juiz de fora,MG,921
4d232b78ab7ef10393dc3807d827bc0d,belo horizonte,MG,922
4d600e08ecbe08258c79e536c5a42fee,entre rios do oeste,PR,923
4d6d651bd7684af3fffabd5f08d12e5a,jau,SP,924
4d6fb82c629c7a5028bfd973c07b05e0,belo horizonte,MG,925
4d8809767a5bafe22909c77951fb6b41,embu das artes,SP,926
4d9fea3499bdc22aa4da4e339365f215,sao paulo,SP,927
4da0e408c99d2fdc2126dc9fce518060,cornelio procopio,PR,928
4dab98ca6cd6d3df586203cefd28a042,porto alegre,RS,929
4dbd95a08b31ede5c82d3f861cb1ce1a,curitiba,PR,930
4dc2e811a1760953cb7c6a590b498943,itapui,SP,931
4dc646b9b9e8e411ef48ba000ea3ac6f,valinhos,SP,932
4ddeb3e828550cddc8d45c8bc36ab2d1,sao paulo,SP,933
4de6e4ba574aa9dfdc824bc44dc47fdd,colombo,PR,934
4deebb3199eeafb282ae33229144f94b,sao paulo,SP,935
4e06067cc08b3f41d837768d392c3ee3,betim,MG,936
4e0d109ccfba9a1151c103049880c857,sao joao de meriti,RJ,937
4e17c65a516f69d023a2ae78b84f28d6,suzano,SP,938
4e2627090e6e5b9fabba883a37897683,belo horizonte,MG,939
4e326052e5dbba8adcd512f3450a307e,sao paulo,SP,940
4e42581f08e8cfc7c090f930bac4552a,portoferreira,SP,941
4e480be820e37de1444325ff358c9296,tres coracoes,MG,942
4e5725ba188db8252977a4f0227bd462,ribeirao preto,SP,943
4e6015589b781adaa5ce7f1892d06bb1,guaruja,SP,944
4e7c18b98d84e05cbae3ff0ff03846c2,jaboticabal,SP,945
4e85b538b0dad58852641540686d0e14,sao jose dos campos,SP,946
4e8dacf3d38f281ae26c3e0321d92d88,sao paulo,SP,947
4e922959ae960d389249c378d1c939f5,jacarei,SP,948
4e92348462c75b6c842b994ce84a0ed4,cachoeirinha,RS,949
4ea2f12dbe91deeacd2c1e74f069a6e6,sao paulo,SP,950
4eb61f060e7dcc1d5a80d806c35cc541,sao paulo,SP,951
4ebdc7e6cd6102a022dadc49156d4ea8,sao paulo,SP,952
4eeb99008a0f59d2c7759c59f9a346eb,embu das artes,SP,953
4ef4c39cf3c24f326434cf0b2e48046a,sao paulo,SP,954
4f0d637c1197fd65405ebd755ac9f86b,taboao da serra,SP,955
4f1f1c8666cdb6442f775c4e8caed465,belo horizonte,MG,956
4f40d2ed38d1cc945364a7cd202a82c7,sao paulo,SP,957
4fae87d32467e18eb46e4a76a0a0b9ce,ronda alta,RS,958
4fb41dff7c50136976d1a5cf004a42e2,feira de santana,BA,959
4fe2f67634d00c021aa01f96b6f2d68e,maringa,PR,960
5011f0d93373a4c5753adf58ca77af8d,santos,SP,961
503c1de08ae81a2d86f17951b204db55,sao paulo,SP,962
5058e8c1e82653974541e83690655b4a,itaquaquecetuba,SP,963
5075aaa8404020ae6aa8bf4792099b41,pocos de caldas,MG,964
50770d25768b0486d89be26afca3108f,santo andre,SP,965
508808d438fe2ff972ed13bb8f4a82e2,sao paulo,SP,966
50a7e551a7b3f8d37cd6e32d8bfbe5ea,sao caetano do sul,SP,967
50bf89f1349bc0409a268c3a49678009,jaci,SP,968
50c361bcf670d16f6df4d52de3dff924,sao paulo,SP,969
50c9975695009e5e6473912e83a6d1da,claudio,MG,970
51209b446b2073894bdc0face6c73ffc,vila velha,ES,971
512d298ac2a96d1931b6bd30aa21f61d,rio de janeiro,RJ,972
513a54369b6a8a6602fcb0e129c6d78d,sao bernardo do campo,SP,973
5145090ab595c0d0b8557199f5701fbf,curitiba,PR,974
5151aea44289d6c6b090ee31c2132508,marilia,SP,975
515d781150feed28a6ac091bb0e3cb8c,campo grande,MS,976
5160d23075764e18e07c1f4a87fad743,sao bernardo do campo,SP,977
516e7738bd8f735ac19a010ee5450d8d,rio de janeiro,RJ,978
51702dc2a3e106c76dbff722b5bf0726,conchal,SP,979
5194c22ed1f616ec0c0f33c571542879,santa rita do sapucai,MG,980
519a7aa428f18d125a283cf8c014fdd6,rio do oeste,SC,981
51a04a8a6bdcb23deccc82b0b80742cf,braganca paulista,SP,982
51e0557bc7b86de13e946c60ee91ce39,belo horizonte,MG,983
51e4e89242cbb846c2deff3dc015650e,rio grande,RS,984
51ed72984a04e5dd35c2b27e77179038,sao jose do rio preto,SP,985
51f108f62cb87d61918159902c8f8583,cascavel,PR,986
5206cc4bc2297c833e6061c49bf9c43f,osasco,SP,987
52092ddbd3a58c450a4459bf051b2287,dois corregos,SP,988
520b493b57809f446cb0a233bb3e25c7,santos,SP,989
522620dcb18a6b31cd7bdf73665113a9,cascavel,PR,990
5236605f4d4b0b3e4df85b850393fca0,sao paulo,SP,991
52454f90d4c30c016768db02f88c1a74,campinas,SP,992
52562a9f449c3dc3d53f5f5b9ed74903,parnamirim,RN,993
525e75a6fb1454a2325ab1734bcec221,barueri,SP,994
5275ca25d0358ca73864e0ae41be1320,guarulhos,SP,995
527801b552d0077ffd170872eb49683b,garca,SP,996
52831e5990d0771cb4951d6f12928167,tupa,SP,997
528bcf6680c36dddf07620bd35b33a6f,sao paulo,SP,998
528ce32f560edd11add4169f6a5b65be,sao roque,SP,999
52956b80ae65fda598f06f6b9943e7a9,maringa,PR,1000
52a50b42accf164f9f019941e5759d9b,monte alegre do sul,SP,1001
52a52b9f656520e99716f5bc40f661c8,sao carlos,SP,1002
52ac6f920b7280e4c6d30dd94de6259b,pinhais,PR,1003
52b53f7061969fe471d119b6195da864,itajai,SP,1004
52bb00821bcdd358a5a5a27e1f6be5a1,osasco,SP,1005
52d76513f0c4d97f3b99570e2c94ee31,novo hamburgo,RS,1006
52f0fe436a347ddad7ed5f9aa4e27eaa,sao paulo,SP,1007
52f6f9f13ba19504c02781132a049e75,curitiba,PR,1008
52f976b17ea7f2f087f56dcc419328f6,california,PR,1009
52f9db5cfb423382a2fa5c9e39303202,echapora,SP,1010
5305693ffae2d3463377b1f6fe67b15a,penapolis,SP,1011
53088c75f948b48a7ece173ac17f0c12,triunfo,RS,1012
530ec6109d11eaaf87999465c6afee01,cascavel,PR,1013
53243585a1d6dc2643021fd1853d8905,lauro de freitas,BA,1014
53336f97ddbe53e2a617d07b17447b95,sao paulo,SP,1015
533d46c1b06970e99f09523a61df4972,itapetininga,SP,1016
5343d0649eca2a983820bfe93fc4d17e,santo andre,SP,1017
534a01cc6df1e034e05c32028a291fa2,jundiai,SP,1018
535bf14f36346c7f59d87cece104d70c,rio de janeiro,RJ,1019
537eb890efff034a88679788b647c564,rio de janeiro,RJ,1020
538caafddff204241cecbf3a02e6b3cf,sao paulo,SP,1021
539ed9e19811677513447759be5eccfc,belo horizonte,MG,1022
53b0300ca793f9834cd69c0678d35ee8,indaiatuba,SP,1023
53d00c40e32aeb924a84ce72b1af869d,ibitinga,SP,1024
53e4c6e0f4312d4d2107a8c9cddf45cd,pedreira,SP,1025
54065e9aef7e9e9c2dc23b7594db021a,rio de janeiro,RJ,1026
5415337f1863452476d42d9f14a16a61,belo horizonte,MG,1027
54219883e72aad869adfb2a54b7bfa0f,sorocaba,SP,1028
542917da124346b47ea1ac79a93ce454,curitiba,PR,1029
5444b12c82f21c923f2639ebc722c1ea,sao pauo,SP,1030
544863df86ed3b78a04e0820d41430ee,serra,ES,1031
54583ab379489add547fe47b628db589,sao bernardo do campo,SP,1032
54965bbe3e4f07ae045b90b0b8541f52,foz do iguacu,PR,1033
54a1852d1b8f10312c55e906355666ee,santa barbara d'oeste,SP,1034
54aa8463e87776b5612f4bdc4bd5d4de,belo horizonte,MG,1035
54c04bdb5ec46762f8f08c7e8f86ed4a,florianopolis,SC,1036
55029529919c0123526150bd26ca8f20,contagem,MG,1037
553a440137d6e0cf776aee0bb83ac9f5,limeira,SP,1038
5563732abe64c3036cb97ad924128dd1,guarulhos,SP,1039
5566627eab3fe93fd6ee08798226101a,sao jose dos pinhais,PR,1040
556a6409838156ea299c9d1f9e2dde43,curitiba,PR,1041
557f22c76691849db52d2abccf0015d0,morrinhos,GO,1042
5587130f9850696ed7fafbc91c2cee44,sao paulo,SP,1043
559d56f3b8f0bc2e5a9a62fe2ce2a39f,joinville,SC,1044
55a5b51f93f2b70ea513f5a047b0262a,sao joao del rei,MG,1045
55bb6fe5bebe5012e2d7d9928e1128ff,bauru,SP,1046
55c26bcb609f480eb7868594245febb5,tabatinga,SP,1047
55c96925041a14097b6a7825554f4ad5,sao paulo,SP,1048
55d3daac7c404d59e51c2aa2f4dc5a23,sao paulo,SP,1049
55dedd83e501d8248880557d9073cbfd,rio de janeiro,RJ,1050
55f7a3319d80f7fdf078b8f03e6725fe,osasco,SP,1051
562f8cfc51f265411f487d07e9c40e7f,belo horizonte,MG,1052
562fc2f2c2863ab7e79a9e4388a58a14,campinas,SP,1053
5656537e588803a555b8eb41f07a944b,brasilia,DF,1054
5659d77e8d90378e39b960ad5956f64e,taubate,SP,1055
56642bcb79900e777d68e91915cb4267,sao paulo,SP,1056
5670f4db5b62c43d542e1b2d56b0cf7c,sao paulo,SP,1057
56a8b450e802502ba53a9885ee38e29f,sao bernardo do campo,SP,1058
56db5c0782e8f7ddc9343f9576ff6d16,palhoca,SC,1059
56e361f411e38dcef17cdc2a3d99628b,guarulhos,SP,1060
56f413900b5166ab4d730e9ac0b12cb0,sorocaba,SP,1061
570d4583587a5fe2d47c7be89b91ad27,sao paulo,SP,1062
5721089ba9214e80074f27d5a03fc0eb,sao paulo,SP,1063
5733d806668f8712c24b9abaefbfa642,chapeco,SP,1064
5741dc2bf5044c34d0698681c5081bed,sao jose dos campos,SP,1065
575df70bde3f9f2b30bf8d2e9910d725,sao jose do rio preto,SP,1066
577719699805dd125d5b6fdde5943bba,nova petropolis,RS,1067
578460d8319c51dab351cd9db95eadfe,goiania,GO,1068
578fa3a9cb6b6dceab39231ad59cdaca,fortaleza,CE,1069
5795aebfe331fbcd02a2c4b679fb7952,palhoca,SC,1070
579891617139df7d8671d373f0669622,rio de janeiro,RJ,1071
57a834594e1e9e9219603bfec184eadc,santa rosa,RS,1072
57c764b4a836300be881e2ff86e449f9,ribeirao preto,SP,1073
57d2ba47f7a3209aa347532ae75c1165,sao bento do sul,SC,1074
57df9869a600bd6b7c405f2a862eccfb,santa rita do sapucai,MG,1075
57e632711dec9ec14ca7546769483e7e,navegantes,SC,1076
57fe6232e67823593374a2281d7a8af8,capivari,SP,1077
582d4f8675b945722eda7c0cb61ba4c7,bertioga,SP,1078
585175ec331ea177fa47199e39a6170a,montes claros,MG,1079
586a871d4f1221763fddb6ceefdeb95e,porto alegre,RS,1080
5882820ef11c4c068eea0677a7a879b4,caxias do sul,RS,1081
5882f40daf39bc2a465e0cb453ddc222,sao paulo,SP,1082
58b98ccb79873e04eac4357cacc590d9,campinas,SP,1083
58c851d1a3c7cd3da329eb59453fed44,rio claro,SP,1084
58e4b302b54937e55a678c4d15111da4,colombo,PR,1085
58f1a6197ed863543e0136bdedb3fce2,conselheiro lafaiete,MG,1086
59417c56835dd8e2e72f91f809cd4092,limeira,SP,1087
594f9aaa48e5bf431f011ddc5669b0d5,contagem,MG,1088
5962468f885ea01a1b6a97a218797b0a,curitiba,PR,1089
596849622429351f47b32e6cae1055ff,mogi das cruses,SP,1090
5996cddab893a4652a15592fb58ab8db,presidente prudente,SP,1091
59b22a78efb79a4797979612b885db36,uberlandia,MG,1092
59bbc819b99a733f02f0d6b49d1c253d,campinas,SP,1093
59cd88080b93f3c18508673122d26169,praia grande,SP,1094
59cea8e446d3834393058e7e0666b6fb,maringa,PR,1095
59de1d4c8c057c2a53acd4ca66531af2,curitiba,PR,1096
59fb871bf6f4522a87ba567b42dafecf,sao paulo,SP,1097
5a05a16bb50629ee31afab8a6d4c2674,caxias do sul,RS,1098
5a32c398a06c345440bf2a683b017ad3,rio de janeiro,RJ,1099
5a413ade68e8f8d93071a7f52a64cb9e,sao paulo,SP,1100
5a4236931428800e9d9cc04af0987118,sao paulo,SP,1101
5a425cc503b39b262a847fd6212bf53b,londrina,PR,1102
5a6a02f419701fc8c605af71d4fc57a4,americana,SP,1103
5a8e7d5003a1f221f9e1d6e411de7c23,campinas,SP,1104
5a93f3ab0ef4c84ed5e1b5dbf23978bc,monteiro lobato,SP,1105
5a9b3bcab695173c820e53934574ae80,salto,SP,1106
5a9c0859cb00fd8aa4db443837f0a700,treze tilias,SC,1107
5aaa890629f83706d8d9bfecd8377c1c,petropolis,RJ,1108
5ab05b6d86d417796c69ffd6774ec832,assis,SP,1109
5abb8ea023c77787f2c15da891c8d384,joinville,SC,1110
5acd070dd3fe441bbb2ec1f1ede515ee,jundiai,SP,1111
5b07547f10dd980738a1a27f685af669,guarulhos,SP,1112
5b0cc932433fa5184b5b94bfe6bcc256,ibitinga,SP,1113
5b179e9e8cc7ab6fd113a46ca584da81,sao paulo,SP,1114
5b2e94f2c22b39ccc24d34ad0f669672,sao paulo,SP,1115
5b33b527da3c5b969cc99dc435cad09a,paranavai,PR,1116
5b35136197710e16ac5e7b7c2bd4ea85,rio de janeiro,RJ,1117
5b51032eddd242adc84c38acab88f23d,borda da mata,MG,1118
5b581417df4480f632484ba681e53944,florianopolis,SC,1119
5b664594895aefb418afaee6d40a9a23,petropolis,RJ,1120
5b67882648febfb6e1225e6ad7164f6b,umuarama,PR,1121
5b8154610ebb21fb90eb587365e673df,sao jose dos campos,SP,1122
5b85809efd0d0e4dea1a9544e1280ed9,presidente prudente,SP,1123
5b925e1d006e9476d738aa200751b73b,sao paulo,SP,1124
5b92bfa4120daa27c574daa2e386c693,sorocaba,SP,1125
5b97c06a046398e7005b2b7c0d707a92,joao pinheiro,MG,1126
5bba18b40e8c973b0f32e748004775b0,itajobi,SP,1127
5bc237df65098fe211bb4818f4d26d78,uberlandia,MG,1128
5bc24d989e71e93c33e50a7782431b0e,campo do meio,MG,1129
5bc55dbe2f12b6af6d83ed46023e0dc8,coronel fabriciano,MG,1130
5bf397d04035b5f45cc41e82ec106803,sao paulo,SP,1131
5bffbafbb22daf6d3bfc216a46db8708,nilopolis,RJ,1132
5c030029b5916fed0986310385ec9009,sao jose,SC,1133
5c243662ce92d84573bfaff24c3e3700,sao paulo,SP,1134
5c3460cd3e8a984382ae254e7dd20d9f,sao jose do rio preto,SP,1135
5c603ffb38cbbf25a0e0698941324143,varginha,MG,1136
5c6d4016c2a288f074fa0848a2b653d2,sao paulo,SP,1137
5c853bb56f70f4d14218944bae111d7a,cotia,SP,1138
5ca5d579b5857ee8709479b1047cecc3,sao paulo,SP,1139
5cbbd5a299cab112b7bf23862255e43e,pinhais,PR,1140
5cf13accae3222c70a9cac40818ae839,patos de minas,MG,1141
5cf1ec37aea089f45110c70653a166ab,sao paulo,SP,1142
5d0363b33554b373851fc1622e4d5f3c,atibaia,SP,1143
5d043cd5512d4bd2f88e5ccdd5736c38,sao paulo,SP,1144
5d378b73ab7dd6f0418d743e5dcb0bd1,sao paulo,SP,1145
5d3bb11474a06bdc23fb9e89f1164ee0,assis,SP,1146
5d505d2298ad549e4e4e835562fa0c1e,birigui,SP,1147
5d76d80a2f5f39c891b996a1bf4c9853,sao paulo,SP,1148
5d9dc90a686a8fddacffab6bab5653a3,santana de parnaiba,SP,1149
5d9f3746e112e696f98ea22c56b3e912,sao paulo,SP,1150
5db42a6cd9bf1bf0d3aab9582767f168,vitoria,ES,1151
5dc203c7b84a0e71e878a179de05fb9a,pompeia,SP,1152
5dc4bdaf869e8c77c648078cbe8d59c2,florianopolis,SC,1153
5dceca129747e92ff8ef7a997dc4f8ca,santa barbara d´oeste,SP,1154
5de1c80811ce7007f62f00d971236c09,florianopolis,SC,1155
5debea795b07621e1f90532e18f96145,apucarana,PR,1156
5def4c3732941a971cba8fdee992ede1,sao paulo,SP,1157
5e063e85d44b0f5c3e6ec3131103a57e,sao paulo,SP,1158
5e105f5c9f63f5f1fd75d6cb942e55b1,sao jose do rio preto,SP,1159
5e106d93b717c2682b9383da480364a1,santa terezinha de itaipu,PR,1160
5e25c632f9db6cfb8bc100421c2737b6,chapeco,SC,1161
5e49e3a44bdeb5aab2684258bbd4f525,balenario camboriu,SC,1162
5e9f5bd34e0830569f05c9d4f56e04a8,porto alegre,RS,1163
5ee7fd217d08dfe5d3e2f51f96a12c9a,vargem grande do sul,SP,1164
5eeb9c756d9780b96283e5a2ac6da334,ribeirao preto,SP,1165
5ef131ac72773e5b3f6c0d63cf424657,ribeirao preto,SP,1166
5f0057b677eb963672bf05dfa3f16c34,sao paulo,SP,1167
5f06030071324cc52bf0304014ac7234,marilia,SP,1168
5f1dc28029d2c244352a68107ec2b542,sao paulo,SP,1169
5f2684dab12e59f83bef73ae57724e45,sao paulo,SP,1170
5f26c1408a65b42a7224cd463bdf3292,arapongas,PR,1171
5f3ae9136c875522250f8184f253413a,sao paulo,SP,1172
5f57db27027655e6c6a391601daa0258,viana,ES,1173
5f5a58930c3c35f3b5af264f34fb8c85,ribeirao preto,SP,1174
5f5b43b2bffa8656e4bc6efeb13cc649,sao paulo,SP,1175
5f67c6082caacb26e431a7b17940cece,maringa,PR,1176
5f7300535881cef3b625fd683cf7d145,canoas,RS,1177
5fd924b4836098a5be0ecf81ba054ce0,sao paulo,SP,1178
602044f2c16190c2c6e45eb35c2e21cb,ibitinga,SP,1179
6025c79c035c3d772133b8b8238463b2,pinhais/pr,PR,1180
6039e27294dc75811c0d8a39069f52c0,osasco,SP,1181
60562ab00b8054280520d390c8c0045c,sao paulo,SP,1182
6061155addc1e54b4cfb51c1c2a32ad8,campinas,SP,1183
606ce7768feac12c5e8bd58db8b08f0f,campinas,SP,1184
609e1a9a6c2539919b8205cf7c4e6ff0,brusque,SC,1185
60ad151920c4f6f3ebbe8cfdf6166779,carapicuiba,SP,1186
60da8bfa7eebe230b7d66ac4082d79b3,fernando prestes,SP,1187
610f72e407cdd7caaa2f8167b0163fd8,sao paulo,SP,1188
612170e34b97004b3ba37eae81836b4c,novo hamburgo,RS,1189
612a743d294c27884fb7b80d2b19ba35,curitiba,PR,1190
615005a3ef192c00c6f0e977cee3d2bc,itu,SP,1191
615c3462099ffa940d37b17dfda19594,rio de janeiro,RJ,1192
6179a28a13a726c29b3bf54c070dccab,varginha,MG,1193
6187a137b2af59dfdbad8d9f8c373c14,osasco,SP,1194
61b18775be84fb700a6b2d0ba097bf66,araraquara,SP,1195
61b893c57e33626afb104d4112b1be76,divisa nova,MG,1196
61c36f0fc4a47f9532e5512b66668e62,guarulhos,SP,1197
61f159ef6da2d441951d2c0efa719362,serra,ES,1198
620c87c171fb2a6dd6e8bb4dec959fc6,petropolis,RJ,1199
6219ba2359cfb97f2e38fd4c321eb309,sao paulo,SP,1200
6235903333ba7de1928c869e268e5964,treze tilias,SC,1201
623ad9d0c1e14bb5464a8c72bff7b4af,claudio,MG,1202
624f4ece8da4aafb77699233d480f8ef,sao paulo,SP,1203
626ab1cd96932367f0eeec2e47046c12,sao paulo,SP,1204
62760d278921b5f352461620d68a9cee,salto,SP,1205
6288c69c4ce638e59925e59193f98b16,santo andre,SP,1206
62c50c1af4dfdc4149d25c5222043d39,sao paulo,SP,1207
62d977e2b2aee830de3e039a28490d12,curitiba,PR,1208
62de60d81c55c29d76a6bce418b31cef,ibitinga,SP,1209
630008e0f062605a415d694489f6f82e,sao paulo,SP,1210
63191ead8d3b2f937cd1996fdcbbad20,jundiai,SP,1211
63272377184e969942f7fff221be858d,sao paulo,SP,1212
6338ea67c41078a46ad99cc009654956,farroupilha,RS,1213
633ecdf879b94b5337cca303328e4a25,sao paulo,SP,1214
634964b17796e64304cadf1ad3050fb7,rio de janeiro,RJ,1215
63704069d9bd3a75c1cf59babe56004a,jundiai,SP,1216
638cba8be1fb599bbb76fd6948351eb3,sao jose dos campos,SP,1217
63a79f5a7eb5cb48a7e5787b141c7993,patos de minas,MG,1218
63b464dbf392c7b80d12d932fa7cafed,sao paulo,SP,1219
63b9ae557efed31d1f7687917d248a8d,sao jose do rio pardo,SP,1220
63bc58679c44e8a998792119fd7ad23e,sao paulo,SP,1221
63ffcb71394dd8ea3872ed9ffda17c74,itaborai,RJ,1222
640e21a7d01df7614a3b4923e990d40c,ibitinga,SP,1223
6426d21aca402a131fc0a5d0960a3c90,ribeirao preto,SP,1224
643214e62b870443ccbe55ab29a4dccf,sao paulo,SP,1225
643c01d7c56a724bec0454f4780e8a3e,joinville,SC,1226
6481e96574816ead57975da2c0f6d80d,sorocaba,SP,1227
64b87978a11c1ea7501a89eabe8c2c1a,presidente bernardes,SP,1228
64c9a1db4e73e19aaafd3286dc448c96,curitiba,PR,1229
64cc804291f90c81f02bfc2bb58ff55a,curitiba,PR,1230
651530bf5c607240ccdd89a30c9c9712,ipira,BA,1231
651fe66032c9520ee5587f694908040d,alvorada,RS,1232
6524b847b982cd56bb5d4b02b776ee42,campinas,SP,1233
6548c2550b6e2d8f18053216e1c7b6f3,diadema,SP,1234
655220df33262c7e0c4949a147366f94,diadema,SP,1235
6560211a19b47992c3666cc44a7e94c0,sao paulo,SP,1236
6561d6bf844e464b4019442692b40e02,franco da rocha,SP,1237
6562efe88ce0826a4ca4f189f03b4b84,maringa,PR,1238
656591be56071d4c9ef4e5fee78a578a,santo andre,SP,1239
6576fd3e23c88f0e5d4d23f39bba0542,taboao da serra,SP,1240
657969cca82e884d272385ec0ef06edd,estancia velha,RS,1241
659e8466eb3ff1b0e8740d74fb7bbedd,eunapolis,BA,1242
65a7c0788e4d632ccb5e1b594b87f0bb,sao paulo,SP,1243
65b081a070633e057c462abdd6fb9dd8,morrinhos,GO,1244
65c255b299faf2d12050937cc219c46c,sao paulo,SP,1245
65febd49fd28ec955651299159b1f527,sao paulo,SP,1246
6601ee6383e7f452be71929f8de48bbb,ribeirao pretp,SP,1247
6614814a00d344b846ae209f95ee7e3f,macatuba,SP,1248
661ad5fcc28cdfb8bcadb12bb2272475,balneario camboriu,SC,1249
6624bc09786f0e41ae48dfc5eeb1a9e2,belo horizonte,MG,1250
6650fcccd8cd2f7e55ffa524f30c4c59,sao paulo,SP,1251
666658b8da8370f30e1f89893b1de5e6,sao paulo,SP,1252
668bf321538e5072858eaef6087ce027,pinhais,PR,1253
66922902710d126a0e7d26b0e3805106,belo horizonte,MG,1254
669ae81880e08f269a64487cfb287169,rio do sul,SC,1255
66d5ae34537110d3affc56174dad2b2f,sao jose do rio preto,SP,1256
66dc1b1632bd6a3e508510c5b3492107,jau,SP,1257
66e0557ecc2b4dbea057e93f215f68d8,sao paulo,SP,1258
66fd84ee7528c0c0de85d0f44a73d5ab,campina das missoes,RS,1259
670a9dda115b5a88b18cfadee8de2332,ribeirao preto,SP,1260
670c26e0f1bf8d0576271d5cfaec6d2b,maringa,PR,1261
671585f5a2af58b6e276bc01003c0d2b,curitiba,PR,1262
67225bff54a172ff67579aaf583efd78,marechal candido rondon,PA,1263
674207551483fec113276b67b0d871ff,sorocaba,SP,1264
6750d71153f00fc58829af2a8ef1bcf1,rio bonito,RJ,1265
67883baaae6134ee81b271a542613728,sao paulo,SP,1266
679769a98cfcc6da877c8486ff1c13f3,ipatinga,MG,1267
67bf6941ba2f1fa1d02c375766bc3e53,curitiba,PR,1268
67e43d802fde8cfd3f9580124f8167d1,guarulhos,SP,1269
6806dad1da97bfb5a9038eac6881f706,guaratuba,PR,1270
681fce914360217db47784ae28905a96,araucaria,PR,1271
6824a69c9ea0313eba299dd4a2dba09a,formiga,MG,1272
685b870da5b52a710782c9c0fefbeb5b,sao bernardo do campo,SP,1273
6860153b69cc696d5dcfe1cdaaafcf62,capivari,SP,1274
6861de0f40cacb0602e473c51639f980,curitiba,PR,1275
686886775c8f6b1191c7b953fb52708c,pedreira,SP,1276
6879c4d287a8dd06b11f54ea8f78e4da,osasco,SP,1277
688756f717c462a206ad854c5027a64a,guarulhos,SP,1278
68ca56ce86830f3d31b1b7ec6a54da3e,guaratuba,PR,1279
68f86ba270525243e68ae74044f992b9,rio de janeiro,RJ,1280
6902157ee16728322d61a1321fa79e58,sao paulo,SP,1281
693660429f9dc4ff704eb3d88dad54d7,santo andre,SP,1282
695051e2981c8b19e77cafe450d5bdf3,osasco,SP,1283
6973a06f484aacf400ece213dbf3d946,sao jose dos campos,SP,1284
698624c6632eeba1774924dbea24c700,sao paulo,SP,1285
6989574bd97d9773f10d232b6c07da59,curitiba,PR,1286
698f5fa55a5f73d0740e9d9a773e8093,rio de janeiro,RJ,1287
69a43819c758c65a5befb0b471c954d7,apucarana,PR,1288
69b5eaa096c3f9d1e5c398c597f567d6,birigui,SP,1289
6a0cbc8af2e8abd1bdfb777943d174c6,batatais,SP,1290
6a3139c7bf09ece22a4713d956acbe5e,sao sebastiao da grama/sp,SP,1291
6a38087bc8ad4f89ff453561005f6dea,anapolis,GO,1292
6a51fc556dab5f766ced6fbc860bc613,marilia,SP,1293
6a53b90c3ad9e0b56d9fe5c69165fff5,curitiba,PR,1294
6a8a889bde935bafa76d7848782dfaf9,sao paulo,SP,1295
6a8b085f816a1f75f92dbac6eb545f8f,bebedouro,SP,1296
6aa3928696eab49a19a466e665a649fd,nova iguacu,RJ,1297
6b15924333bd1a741595fe981ea04822,sao caetano do sul,SP,1298
6b1c4d4d9ccf0be3d8544eb0e71e5318,porto alegre,RS,1299
6b243f80ed07b10f0e8aa0f21a205f3c,curitiba,PR,1300
6b2612338467c08c9b25f0cc55b1578d,marialva,PR,1301
6b333a05bf188ef3e1f1662a86bd9855,brasilia,DF,1302
6b3bd31ad8fcda4b2635ec9f3ff2ecdf,rio de janeiro,RJ,1303
6b536a23086fba0d58c08d68814397f6,niteroi,RJ,1304
6b803197e03abd5056b4313306b4f29d,sao paulo,SP,1305
6b89abe95848c850399130d149a39b63,piracanjuba,GO,1306
6b90f847357d8981edd79a1eb1bf0acb,guarulhos,SP,1307
6b9b80d53ba3676eafe60268a810b5a1,belo horizonte,SP,1308
6ba4733aa33f6386e9fb0c0fd3993b38,torres,RS,1309
6bb0724edf0b62fb91ac404873a97241,cotia,SP,1310
6bb62a4912377c7bfe7cb17b406bc7e6,jundiai,SP,1311
6bb66d9870c2e01c05655c7ed0e7ee13,sao paulo,SP,1312
6bbcb8924baf70b7fe2fe2097e8cd407,blumenau,SC,1313
6bcb2352a2a0c38b845f598298ab9d26,maringa,PR,1314
6bd503a8230299c9316fb0f726933927,morrinhos,GO,1315
6bd69102ab48df500790a8cecfc285c2,sao paulo,SP,1316
6bef34c5be6f2bbd70aa5165f6df94b1,timbo,SC,1317
6c12e40690c335dbc2f68a4134d30dc1,castro,PR,1318
6c177e38df6d3f34182b1f1d427231bf,curitiba,PR,1319
6c17baf138731a4aaacc3210adf2037b,franca,SP,1320
6c1b6d0c604b776f844125f911eb7377,sao paulo,SP,1321
6c6cc59a5c00cacc5054ca06d65cc282,santa maria,RS,1322
6c6e3d67f969468f3bfd33f827a31222,maringa,PR,1323
6c77cd583b36a13aacccf2b3ee23e233,marilia,SP,1324
6c7d50c24b3ccd2fd83b44d8bb34e073,presidente prudente,SP,1325
6c9875b2f94ba781186f0c1aed8d1687,brotas,SP,1326
6c99c983ce3b6ba0ab813e6790e81691,uberlandia,MG,1327
6cd68b3ed6d59aaa9fece558ad360c0a,belo horizonte,MG,1328
6cf476a4ca74498db55cbccdaa9dcfb6,sao paulo,SP,1329
6d04126aba80df143fd038e711b8fd96,rio de janeiro,RJ,1330
6d1b9c9579132c87d2703ec38c30f2c5,curitiba,PR,1331
6d22a1fcebb6dd08c9cd90b92a93e8d0,joinville,SC,1332
6d2f2e3b539480db1e0842b3a4e32e6e,guarulhos,SP,1333
6d66611d7c44cc30ce351abc49a68421,sao paulo,SP,1334
6d7f8d9d594e28796b6b3205b00f459c,curitiba,PR,1335
6d803cb79cc31c41c4c789a75933b3c7,sao joaquim da barra,SP,1336
6d988d6174a2c27441597174f8905515,maringa,PR,1337
6da1992f915d77be95d7fa48b36904af,sao paulo,SP,1338
6dc9bec584588412a6a338830946a3e4,sao paulo,SP,1339
6dd7dce75cd55c1ce255dc38d9f0cd46,palhoca,SC,1340
6ddc28b61be28373b4503a1f61cf98a9,sao paulo,SP,1341
6df688df543f90e9b38f4319e75a9d88,belo horizonte,MG,1342
6e0908ef4d4efadbc3cc2b74ea477cb0,rio de janeiro,RJ,1343
6e13dd869aa7185f601c941423abcc8f,sao paulo,SP,1344
6e1862e15f33d9994bc25922a85e1efc,rio claro,SP,1345
6e2d3e2dc84fb30f6078f39dd3bddd6f,colombo,PR,1346
6e386f64c84e482f0b9abf960797ee1b,sao paulo,SP,1347
6e4a902d1054e4e17aa6eab87fac1c75,sorocaba,SP,1348
6e4f5ff6b086632ba8dcb558fb10249e,flores da cunha,RS,1349
6e85dc5ecd97a61094b89b046a509d8e,marapoama,SP,1350
6e864f5c4669eff3d98140a07cc50202,sao paulo,SP,1351
6eb94e1466490d327a09abf8f3552a50,jundiai,SP,1352
6ebf4eceee4dd9847201c82e77ef8123,rio de janeiro,RJ,1353
6ec1a01e866584bb679eb9b098345919,santos,SP,1354
6edacfd9f9074789dad6d62ba7950b9c,guarulhos,SP,1355
6ee85be3693ed79a8e80718743d80655,sao paulo,SP,1356
6eeed17989b0ae47c9f11ece6f38ea90,sao paulo,SP,1357
6f1a1263039c76e68f40a8e536b1da6a,sao paulop,SP,1358
6f229cc508fc6915ed5c499efd93baa4,rio de janeiro,RJ,1359
6f835fd4be26989b1b064399da346143,curitiba,PR,1360
6f83d9e4da896daae20b9b6b2d3ff8d2,pinhalao,PR,1361
6f892e20a171e98efe17fdb971ff319b,sao paulo,SP,1362
6fa9202c10491e472dffd59a3e82b2a3,sorocaba,SP,1363
6fc26fe110feebd80a433e1f012a84f9,fernandopolis,SP,1364
6fd52c528dcb38be2eea044946b811f8,sao paulo,SP,1365
7008613ea464bad5cb9b83456e1e6a8f,canoinhas,SC,1366
700f03c207639c22d933381ff60b35c2,barretos,SP,1367
70125af26c2d6d4ef401a1d02ae7701f,goiania,GO,1368
70126eecc6aa1274392a1743866e9678,barueri,SP,1369
701938c450705b8ae65fc923b70f35c7,s jose do rio preto,SP,1370
702835e4b785b67a084280efca355756,juiz de fora,MG,1371
7040e82f899a04d1b434b795a43b4617,sao paulo,SP,1372
70849ca4f400aaabb62cb7462a6f1428,belo horizonte,MG,1373
709e16e2b25c7474d980076c6bfc4806,birigui,SP,1374
70a12e78e608ac31179aea7f8422044b,jacarei,SP,1375
70b52a4cfc823994561b00bad161b4ed,sao paulo,SP,1376
70bf57d811208f8923b41bbd499a67a4,franco da rocha,SP,1377
70c0fda4c313d87115644d39e62eec60,caruaru,PE,1378
70c27847eca8195c983ed7e798c56743,rio de janeiro,RJ,1379
70c4eedec9cb4a85cda2f3f9673557b4,sao paulo,SP,1380
70ee69419916dc13e3aed619061f996c,mogi das cruzes,SP,1381
70eea00b476a314817cefde4aad4f89a,itatiba,SP,1382
70f7e8018e3d46c748c92f026aa2585a,sao paulo,SP,1383
70f84699be677ec988d1fa824aef7d90,sete lagoas,MG,1384
71039d19d4303bf9054d69e9a9236699,sao paulo,SP,1385
710e3548e02bc1d2831dfc4f1b5b14d4,rolandia,PR,1386
71271995e85f5b8530be99ed54a91b89,porto alegre,RS,1387
712e6ed8aa4aa1fa65dab41fed5737e4,videira,SC,1388
712efd3b68f9686dc856b84abd0f21ae,curitiba,PR,1389
7139dc5186aa238b006e066d8fbab2e4,amparo,SP,1390
713e3a23ca5e47786eb6f0d99f94cfac,curitiba,PR,1391
7142540dd4c91e2237acb7e911c4eba2,penapolis,SP,1392
714b9a1332840f257b49f476bea4e341,monte alto,SP,1393
71592660bbcb6a4664e97b6f8b68babc,sao jose do rio preto,SP,1394
71593c7413973a1e160057b80d4958f6,sao paulo / sao paulo,SP,1395
715bbd5ba4e6b74cb0d2f29eb45058b0,serra negra,SP,1396
7178e1eaa97257d8b6d4b80efd77a025,tatui,SP,1397
7178f9f4dd81dcef02f62acdf8151e01,videira,SC,1398
717b78b0950b51ed00b1471d858b0edc,alambari,SP,1399
718539d38d07dd351c76db862760e2e2,campinas,SP,1400
71dc18fd8cbf5fd77f45dd8b427abb34,curitiba,PR,1401
7202e2ba20579a9bd1acb29e61fe71f6,franca,SP,1402
720e6cf846ea7572cbb66b743fb91e6c,mogi das cruzes / sp,SP,1403
7210cd29727d674c00741e5e387b3ccd,sao paulo,SP,1404
72146da5774cabf2632faedcae097a76,marechal candido rondon,PR,1405
7238a95bb63ef7e498389fb863b834a1,limeira,SP,1406
7238f877570096ae403c51898fa64566,santana de parnaiba,SP,1407
723a46b89fd5c3ed78ccdf039e33ac63,"novo hamburgo, rio grande do sul, brasil",RS,1408
723cd880edaacdb998898b67c8f9da30,ibitinga,SP,1409
72431a818f97fe6ab9c81eee3e297e54,rio das pedras,SP,1410
725af026f869236a8dd0ceb98564d156,claudio,MG,1411
725c32fa80c2faacc4fc88450d27314e,sao paulo,SP,1412
7299e27ed73d2ad986de7f7c77d919fa,araguari,MG,1413
729b2d09b2a0bdab221076327f13d050,mineiros do tiete,SP,1414
729f06993dac8e860d4f02d7088ca48a,limeira,SP,1415
72bc2cce903c872fe376a8faaa81d237,sao paulo,SP,1416
72c38a04bd6a1c3dbc5298425a0db86d,cascavel,PR,1417
72c5da29406b4234927b81855e7b64f6,guarulhos,SP,1418
72c73be2b085b9d57650dd53eb2004c9,sao paulo,SP,1419
730937bf88cb151eb2eb849f642fc213,rio claro,SP,1420
7315baebc0572ff220d226283dc66728,sao carlos,SP,1421
731ef20c231d9a7103a425e83fd91271,lages - sc,SC,1422
734def04b237117a09321dd6d8f3f2a2,araras,SP,1423
7354220fb240bde543b3c40c060d41e7,brasilia,DF,1424
7357b52d27cbaa90f81a96cbc1279396,lagoa santa,MG,1425
739c7d7be81f63812dea0d1b1451c651,campina grande,PB,1426
73a63f72308aa20a46f4b1632018f196,curitiba,PR,1427
73b8eb4a9a729d4019b24ed1be748cbf,campinas,SP,1428
73da1880b39c71de2b262bc7720c1494,sao carlos,SP,1429
740205fedfe4e90ca6857bc77db0f2b4,caxias do sul,SP,1430
7402d13c03a7e91366337cd1de471144,cambe,PR,1431
741f8c587cb4248ebc5b779a0e8e0e51,santo andre,SP,1432
744dac408745240a2c2528fb1b6028f3,colombo,PR,1433
74636e24f01da9268b0ed88dacd8513e,sao paulo,SP,1434
747c1cdcd1737dcfbd1547f6eb6f2cf3,ibitinga,SP,1435
747e73c01a4593d4cf60dcf970fd2689,vitoria de santo antao,PE,1436
74871d19219c7d518d0090283e03c137,sao paulo,SP,1437
7494d0dcba8551df6cf37f1b905dc2f7,santos,SP,1438
749e7cdabbaf72f16677859e27874ba5,guarulhos,SP,1439
74a9b9bddf14ece02beb81f52c41a88d,sao paulo,SP,1440
74bafed391319577bce6f4d2acc0589a,sao paulo,SP,1441
74c7dec0a384d8a05950e629bd23bde9,mogi guacu,SP,1442
750303a20e9c56b2a6bc45cdce0b897d,goiania,GO,1443
751bdc4d83a466c7206cd42e8f426b03,ribeirao pires,SP,1444
751e274377499a8503fd6243ad9c56f6,campinas,SP,1445
75745ef7bc7d4f3ea3380f6f5303f514,brasilia,DF,1446
7586919161935337bf6b6d7ff5779648,rio de janeiro,RJ,1447
75a4764c108403a7a0575140cb22287c,caxias do sul,RS,1448
75d34ebb1bd0bd7dde40dd507b8169c3,salvador,BA,1449
75fbb52eda0cbc24f479d3b2fbfa8d3e,goiania,GO,1450
75fdd0a732287f9497b179f6bd445d32,maua,SP,1451
761681a821d8275bc79f552116d06869,sao paulo,SP,1452
762ed976527cddf02787edba70fffa2a,londrina,PR,1453
762fafdaa57a532ee0119731697579dd,itu,SP,1454
76623fde66e6b63b59440fd34160512d,guarulhos,SP,1455
7681ef142fd2c19048da7430856b5588,guarulhos,SP,1456
76833248bbc0e65a0293ec62023e4396,birigui,SP,1457
768a86e36ad6aae3d03ee3c6433d61df,sao paulo,SP,1458
768de2a4fc06aacecb9a586ccc30746a,brasilia,DF,1459
76c47a299e4a8fe992316a85865acbe9,ribeirao preto,SP,1460
76d336555bb25f3165d2f0d6da719c40,sorocaba,SP,1461
76d5af76d0271110f9af36c92573f765,sao paulo,SP,1462
76d64c4aca3a7baf218bf93ef7fa768d,curitiba,PR,1463
76de363de16dacc923eec8daf91df504,xaxim,SC,1464
76ea5315acb3f5f7ade3cd261faf922a,sao paulo,SP,1465
77128dec4bec4878c37ab7d6169d6f26,sao paulo,SP,1466
7722b1df1b0e383e000397b2c11e3e19,sao bernardo do campo,SP,1467
77530e9772f57a62c906e1c21538ab82,curitiba,PR,1468
77714512e8d4dda9c234da8e3faf16e4,guarulhos,SP,1469
777a0c55737f34ffeb78010f7542ab41,sao paulo,SP,1470
778323240ce2830d68aab11794e00bfb,sao paulo,SP,1471
77a515caa36327151d1cc6c32a9f00e1,diadema,SP,1472
77dcbb67ccb3659bd58eaf5661560a30,lajeado,RS,1473
77e4abfd739aed9c46480f90f81c0eb4,brasilia,DF,1474
77fccaae319668a8ab6cd0fd16aec48c,campos dos goytacazes,RJ,1475
7813ea3ebd9411dc600b4dd01f7a97b9,osasco,SP,1476
7816cd9c5b1238e320545f5bf7eb80e8,araraquara,SP,1477
781a66c0d89e30814d49fe8b5e14cd07,campinas,SP,1478
782f78b632a43875dd5b53e3e49c9564,campinas,SP,1479
784ba75dd9d20200c4caed3d7a77141a,sao paulo,SP,1480
78744a20ee2f80ba64f6804c25def2b8,recife,PE,1481
78813699ffac347fe27dba345a5f1551,bento goncalves,RS,1482
788e857f317e53de488d393e65a80f45,sao paulo,SP,1483
788f22bafdd7ab0e1e79f19db72f16a4,sao paulo,SP,1484
78a4d36f65a019172c6154468831a69f,bauru,SP,1485
78ba5933c21686d1c2f64669c8c459e7,mogi das cruzes,SP,1486
78c99c6dff4eeae5be99bf635ed21e3f,marilia,SP,1487
78ef7e885d17f35e2382a47aae8b8cce,santa cruz do sul,RS,1488
7901646fdd36a55f564ffaf2dbccaaf7,rio de janeiro,RJ,1489
791cfcfe22fe4a771ece27f90017da92,ribeirao preto,SP,1490
79565f7d5603b24ddf07ade262547f2f,araraquara,SP,1491
7957cac1a02f45d0a4a7e45626382ec2,curitiba,PR,1492
7963e546f34e098b578f9ad102494601,sao paulo,SP,1493
7994081388d55b9cf976c050653dd359,sao paulo,SP,1494
7994b065a7ffb14e71c6312cf87b9de2,cariacica / es,ES,1495
79a679c36c08d606b3fd47ead9de109b,sao paulo,SP,1496
79b93a308a97792cf53ac75f46da00b5,rio de janeiro,RJ,1497
79ebd9a61bac3eaf882805ed4ecfa12a,cascavel,PR,1498
79ed755314cfe6df0daef2c6cd3022cd,rio claro,SP,1499
79ee721b6f766066a80264402548d359,bauru,SP,1500
7a073a40a9d3f1fee8bc45670ea1e909,londrina,PR,1501
7a188843479798ca813108fa7b959286,sao paulo,SP,1502
7a241947449cc45dbfda4f9d0798d9d0,jacutinga,MG,1503
7a2d2949aea47fab95fd98d6c9f618b1,curitiba,PR,1504
7a425d299613df3e613bcf9d2eaf5c49,rio de janeiro,RJ,1505
7a67c85e85bb2ce8582c35f2203ad736,sao paulo,SP,1506
7a704e63bb29c446869efde5d57524c8,francisco beltrao,PR,1507
7a91bf945c6fae0779f1c61ce97fe45c,mesquita,RJ,1508
7a9c12e235c36247c3c81f50d6ea9cea,sao caetano do sul,SP,1509
7aa4334be125fcdd2ba64b3180029f14,laranjal paulista,SP,1510
7aa538dd6e114e503a2e6154ea352253,catanduva,SP,1511
7ab0dd5487bab2dc835337b244f689fb,sao jose do rio preto,SP,1512
7ad32824caee82087b3e2e5f33b1bf32,ibitinga,SP,1513
7ad41305e96a6cab8294cd65891e9a86,rio bonito,SP,1514
7adbd3210a7b3cc2235e225eef33574d,sao paulo,SP,1515
7ade73f1b9b4e965f9009a4c3a7e2c15,bauru,SP,1516
7b07b3c7487f0ea825fc6df75abd658b,sao paulo,SP,1517
7b0df942f46435babab05d49b744b2c4,braganca paulista,SP,1518
7b1222c3624aa89b9558b50a2594188c,sao jose do rio preto,SP,1519
7b3447b497e55af8c15fc7bd89d7b81a,sao paulo,SP,1520
7b3f6ce5c6c22e9b96e7581ebf0df6e1,tambau,SP,1521
7b7ed56ae755e2880f2b69632e839c1e,goiania,GO,1522
7b7f91e98f8c6def45a1407923304402,osasco,SP,1523
7b8e8ec35bad4b0ef7e3963650b0a87b,tubarao,SC,1524
7b98de631987e26dd6d803490c43a13c,loanda,PR,1525
7bac63f6603d382cc8d0832eb6c100a8,sao paulo,SP,1526
7bb8fac2913a6064ec412e583c6d8b4d,bauru,SP,1527
7bcd7c5f8631701474db233ccf1c094b,sao paulo,SP,1528
7c1fea10b5b006671d608b1d7c446ec4,boituva,SP,1529
7c4402417d51474d4d0cda9557340e40,sao caetano do sul,SP,1530
7c4618c82226628831613e95e9c22f44,sao roque,SP,1531
7c462184585ae80bd6e5774c62ce50f2,campinas,SP,1532
7c4adcc13272c0e26fa23aac642adb7b,sao goncalo,RJ,1533
7c51de0ab286204ce75ff42bf7c10d92,picarras,SC,1534
7c5b05cbdb5542049f38d90d7815b97d,sao paulo,SP,1535
7c67e1448b00f6e969d365cea6b010ab,itaquaquecetuba,SP,1536
7c9130f5f3729edd32aa059141d92484,garca,SP,1537
7caa63f175b1cecbfaadd8b5ab9998c7,sao paulo,SP,1538
7cb946b1ad19faebe28c3e86c2794ec3,sete lagoas,MG,1539
7cf4ea70955b00d6b3c22542598e2715,sao paulo,SP,1540
7d13fca15225358621be4086e1eb0964,ribeirao preto,SP,1541
7d294cf9a6a69dc6a0c3e540fff0e039,barra velha,SC,1542
7d456afc660226829370f3173d14520c,mogi das cruzes,SP,1543
7d484ca289afaac6bf5fc6a1e96d2226,campo grande,MS,1544
7d76b645482be4a332374e8223836592,sao paulo,SP,1545
7d7866a99a8656a42c7ff6352a433410,sao paulo,SP,1546
7d7d2b7a51328016102d4528c411d630,ibitinga,SP,1547
7d81e74a4755b552267cd5e081563028,sao paulo,SP,1548
7d948535954aaf8c5d39db007f74372e,guaruja,SP,1549
7daca0837f033a41a6f3428c18657533,tanabi,SP,1550
7dc8c42cc750eeafea6c85712ffee9bf,sao paulo,SP,1551
7dc9a3355bae96dd82008b313d3a456c,dores de campos,MG,1552
7ddcbb64b5bc1ef36ca8c151f6ec77df,sao paulo,SP,1553
7dea6f73af847b42cc3985bd620f994d,cascavel,PR,1554
7df1fc11cc5cbc518b39faa60cf5d67c,campo grande,MS,1555
7e1fb0a3ebfb01ffb3a7dae98bf3238d,franca,SP,1556
7e26c750b4cb9f6766f58265ff9ebe95,belo horizonte,MG,1557
7e3dde9ffba72d5340f9aaf09b4424be,cambe,PR,1558
7e3f87d16fb353f408d467e74fbd8014,sao paulo,SP,1559
7e79d65b5c6f1f544b7daea036acf720,sao caetano do sul,SP,1560
7e93a43ef30c4f03f38b393420bc753a,barueri,SP,1561
7e959205cebc10adefcb331f934238a4,sao paulo,SP,1562
7ea5bfa6c340f58f8e71fc1f0412b0d6,belo horizonte,MG,1563
7ecd59e5e20407131822c1a68ac59c1f,brasilia,DF,1564
7ecef8194babfec876ca720714327841,campinas,SP,1565
7f02656561b680def9986c0795a8a080,sao paulo,SP,1566
7f152321c60a266edc53af1925ef96c1,criciuma,SC,1567
7f2617c58d5d06806987308b45654351,sao paulo,SP,1568
7f35f9daf223da737b78738fbae4d977,valinhos,SP,1569
7f40d06aa0b5f1aa4f41af8c0480e2ef,rio claro,SP,1570
7f5e4d5efad7e44b91115dd1decb65f3,jacarei / sao paulo,SP,1571
7f7b8245c336066a1f9933c359f11d77,mogi mirim,SP,1572
7fc87cc3e89b3d1d5cabdca32f8485aa,guarulhos,SP,1573
7fdb0720c8d7c9075538b365dc8c3a22,toledo,PR,1574
7fe21dd00d2f4943ae09525efa2fd674,rio de janeiro,RJ,1575
7ff588a03c2aeae4fbd23f9ae64b760d,guarulhos,SP,1576
800214c63934acd05d47e84214db8ba8,jaragua do sul,SC,1577
80146bc52c4f6af5239b23de2a20262b,taboao da serra,SP,1578
804287717b9156fb7a787acd9af4fac1,maringa,PR,1579
8060d731897e33b5c5ae575ce1e209e1,blumenau,SP,1580
808d4348b916efa08e766ebad39f61eb,sao paulo,SP,1581
8090490573c6c0aa343a7231ebcb8c86,sao paulo - sp,SP,1582
809413606dbfe5deefd2db646693ef67,sao paulo,SP,1583
80ceebb4ee9b31afb6c6a916a574a1e2,londrina,PR,1584
80cfd480be3eb6d6267139f5cb793555,sao paulo,SP,1585
80e6699fe29150b372a0c8a1ebf7dcc8,pinhais,PR,1586
80f2cf9abf6b5a0e5c612b5eea6646e6,sao jose do rio preto,SP,1587
8132b9bd16876e1b0f8808d43825dd48,florianopolis,SC,1588
813348c996469b40f2e028d5429d3495,jundiai,SP,1589
81336a0f57a33776419727a300249e90,sao carlos,SP,1590
8160255418d5aaa7dbdc9f4c64ebda44,ibitinga,SP,1591
817245bcc3badd82bbd222e0366951a6,bauru,SP,1592
81783131d2a97c8d44d406a4be81b5d9,sorocaba,SP,1593
817f85dbb65aa3e70831d90fe75cdf89,tiete,SP,1594
8185694b58b2ba6de20fd41ae608bbea,tabao da serra,SP,1595
818d28f936e791926d33bcb6ee94ef79,sao paulo,SP,1596
81a1104df0f08b59c68aa5b03cfe398e,sao jose dos pinhais,PR,1597
81ed90f07c0bacb7594940ba2ef676aa,divinopolis,MG,1598
81f89e42267213cb94da7ddc301651da,presidente prudente,SP,1599
820c7c9eaf76d2b226b6c242bcf3f34d,sao paulo,SP,1600
820cc752a266cdc6c1a1e61dd4583330,maringa,PR,1601
821fb029fc6e495ca4f08a35d51e53a5,sao paulo,SP,1602
822166ed1e47908f7cfb49946d03c726,tres rios,RJ,1603
822b63912576852aea9a8436d72317b7,mogi guacu,SP,1604
822bad9bc42b51213ba522fe87b7ab5d,balneario camboriu,SC,1605
827f8f69dfa529c561901c4f2e0f332f,curitiba,PR,1606
82921991ff5b557b045605b8bbf08d49,sao paulo,SP,1607
82bd0703a4aefd6b599e5bfdaed378fb,marilia,SP,1608
82cb9f452fe8334df74b22d37824b431,caxias do sul,RS,1609
82e0a475a88cc9595229d8029273f045,sao paulo,SP,1610
830379336fad8c6f3b15a4a3ddb5c66e,sao paulo,SP,1611
83353a83fd769dfafa4f21a72b15e3e5,sao paulo,SP,1612
834f3294fba9f932f56edc879193f925,araraquara,SP,1613
834f8533b2ecb6598dd004ff3de7203a,sao paulo,SP,1614
835f0f7810c76831d6c7d24c7a646d4d,sao paulo,SP,1615
83645b1645cdee8953ee54c29ceed564,santa terezinha de itaipu,PR,1616
8378eb36b6b70c5734e83ad7b8cdc3b7,itajai,SC,1617
83a75eea11694e36e56dd0cb2240229a,amparo,SP,1618
83b08de96980757220871b31bf6cffca,rio de janeiro,RJ,1619
83c465a786b06574376909b35ef6752a,sao carlos,SP,1620
83c8aafbefb034674a70de0eac5b8954,francisco beltrao,PR,1621
83d458c0d6d4f94295d63f091460bd60,vila velha,SP,1622
83d7070a0b9a8b4625fa8682b819fabb,cotia,SP,1623
83deb69e889cf80f82be1dc6d5f2d486,florianopolis,SC,1624
83e197e95a1bbabc8c75e883ed016c47,mage,RJ,1625
83f2b4881141ce3fcd4e985125d3279e,ribeirao preto,SP,1626
8444e55c1f13cd5c179851e5ca5ebd00,congonhal,MG,1627
845e8036c3f7bf62099352f5ed910240,rio de janeiro,RJ,1628
8476243f92442881ddd5b578975cf115,campo bom,RS,1629
84c945f15571830c1a91a33978e94009,sao paulo,SP,1630
84deb808079d1be601c209c1e771b1cc,curitiba,PR,1631
8501d82f68d23148b6d78bb7c4a42037,blumenau,SC,1632
85044848b1b767db2a4a58526adef4b4,osasco,SP,1633
850857dfac77488c307e2b1cbd84ab5a,cascavel,PR,1634
850913d59ce317156b00f3705f1c3edb,atibaia,SP,1635
850f4f8af5ea87287ac68de36e29107f,sao paulo,SP,1636
851773c885feb5e2da3b4f82bc2b17ce,lencois paulista,SP,1637
855668e0971d4dfd7bef1b6a4133b41b,itatiba,SP,1638
8581055ce74af1daba164fdbd55a40de,guarulhos,SP,1639
85cc55e048b6bcc90c75afe7f0e72f72,barra mansa,RJ,1640
85d9eb9ddc5d00ca9336a2219c97bb13,belo horizonte,MG,1641
85e7c62c1d6ea078c3897424f867a7c8,itapema,SC,1642
85ecf03781da592876b7844acc1b729f,sao paulo,SP,1643
8602a61d680a10a82cceeeda0d99ea3d,sao paulo,SP,1644
8603f0038fe0e52fedd3382d266723de,garopaba,SC,1645
8629a7efec1aab257e58cda559f03ba7,goiania,GO,1646
8629c241b3622ac12cd4118afdc8d394,ribeirao preto,SP,1647
863d2ebcd347ce4922de7a0f9a5581d6,rio de janeiro,RJ,1648
8648b1e89e9b349e32d3741b30ec737e,jacarei,SP,1649
86649b1632b1c0e6c0bcb2c90a8b75d8,medianeira,PR,1650
866558b3bccef2dbc6d29a2b5995016f,arapongas,PR,1651
86bb7c4b535e49a541baf3266b1c95b1,franca,SP,1652
86bf77bdb52e615674772d5817c6212f,viamao,RS,1653
86ccac0b835037332a596a33b6949ee1,blumenau,SC,1654
86ff3eaef0267069cc891a2ed9d10a17,palhoca,SC,1655
870d0118f7a9d85960f29ad89d5d989a,pocos de caldas,MG,1656
87142160b41353c4e5fca2360caf6f92,porto alegre,RS,1657
8759e7aedd644f487315e5860962f162,santo andre,SP,1658
876182d1918783bbe15233febfbd4926,sao paulo,SP,1659
87b4428a334b8f676fd9a7f3bf544fb5,guaimbe,SP,1660
87b740daf17b5d1be335a64164ec6842,suzano,SP,1661
87d30a6a0cbf89356e49324971ab1d24,sao paulo,SP,1662
87d3c3aeb3ead335511b3ce315eb341e,sao paulo,SP,1663
87d73636a3acf123e842bb890a4db036,nhandeara,SP,1664
87e24fc7052259b1f7f607d61c10d8be,sao paulo,SP,1665
87f3e35268860433e13d577825aada95,bom jesus dos perdoes,SP,1666
880ce4951cf857ab1d9e0b75c1d856f4,belo horizont,MG,1667
880eda903e719a5f179f7e9fceb3a69d,ipua,SP,1668
883dd81e82754ac2c65e9790a7db8c9a,curitiba,PR,1669
88460e8ebdecbfecb5f9601833981930,maringa,PR,1670
888faa8bfb0b159c37de6d898b961c31,braco do norte,SC,1671
889009a0ed0bb52c87819941192931b8,lencois paulista,SP,1672
88ae906ea2acf6971f26c3e8b7cb4357,sao paulo,SP,1673
88af55b4a7ca402b27df16f7c7c9b5d2,taboao da serra,SP,1674
88cd3681e0a2ba85e190f7d817629c4c,brusque,SC,1675
88cf19ec1fc2c58f161aee259d57142c,sao carlos,SP,1676
88ef59b51bdaa941d10a853429f2b6ce,guaratuba,PR,1677
891071be6ba827b591264c90c2ae8a63,sao paulo,SP,1678
8931a84a914b3fe9b1ddaa4d704947ca,sao paulo,SP,1679
8936ba0de1073ee888cb3185ae5dc661,sao paulo,SP,1680
897060da8b9a21f655304d50fd935913,ribeirao preto,SP,1681
89757206b887aed36f3e18d858460fea,sao paulo,SP,1682
89a51f50b8095ea78d5768f34c13a76f,brasilia,DF,1683
89ad3263c0931c47f976d7c5778e60f6,sao paulo,SP,1684
89bc797e2e29667aa035d4368f9b7f92,sao paulo,SP,1685
89c127985a8b130cfa45c1d36764017a,osasco,SP,1686
89d9a386b0b6e5fc8403071b03f7206a,sao paulo,SP,1687
89dda63a3c907c468ec88c310ed91213,maua/sao paulo,SP,1688
89de2d6f23e9746ff309705b23581faa,londrina,PR,1689
89f69225956f951295ca4c7fb1266553,vassouras,RJ,1690
8a130737016f838139d31878787a39c9,sao paulo,SP,1691
8a1ff5c35f6595a73fef4c7b96e4908a,sao  jose dos pinhais,PR,1692
8a207b6080964f3c1fc9d35bd6096ba4,jaci,SP,1693
8a2d12a90e92f012ce5226fc6592b653,curitiba,PR,1694
8a32e327fe2c1b3511609d81aaf9f042,sao paulo,SP,1695
8a40ae794fa3f9892cee24bd5af0488b,curitiba,PR,1696
8a43128d7f9a3db592b866e6861a6cce,sao paulo,SP,1697
8a432f4e5b471f8da497d7dc517666e2,presidente prudente,SP,1698
8a87611c08849ffeeccab52aa798b6c7,curitiba,PR,1699
8a8835a43bda99fd37310ad76c457510,sao caetano do sul,SP,1700
8a9260f2b0340411d6d2a56bcf4f7378,contagem,MG,1701
8ab42aa58097fd4668d60cc648225d5f,goiania,GO,1702
8ae520247981aa06bc94abddf5f46d34,navegantes,SC,1703
8b11118053756a9a2932f447e11fc1b5,igaracu do tiete,SP,1704
8b181ee5518df84f18f4e1a43fe07923,goioere,SP,1705
8b2492b7ff4468839593fafeed55bad9,sao goncalo,RJ,1706
8b28d096634035667e8263d57ba3368c,sao jose dos campos,SP,1707
8b2d4ab22f42c5cfc338b846decfda60,fazenda rio grande,PR,1708
8b321bb669392f5163d04c59e235e066,sao paulo,SP,1709
8b655f0855926bcb49f5835d38dfddf6,osasco,SP,1710
8b87cd0d43d49b9bdf40f56229364d59,sao paulo,SP,1711
8b8cfc8305aa441e4239358c9f6f2485,londrina,PR,1712
8b9d6eec4a7eb7d0f9d579ce0b38324d,mesquita,RJ,1713
8bb48dc19fccaa8613b6229bf7f452a2,assis,SP,1714
8bd0e3abda539b9479c4b44a691be1ec,tres de maio,RS,1715
8bd0f31cf0a614c658f6763bd02dea69,sao paulo,SP,1716
8bdd8e3fd58bafa48af76b2c5fd71974,sao paulo,SP,1717
8c0de775f52fe41590b376a3b7c50f68,sumare,SP,1718
8c16d1f32a54d92897cc437244442e1b,blumenau,SC,1719
8c351ed7c326c62123318f4f3246e906,praia grande,SP,1720
8c3b533c63cca56240f94f1e3a6b18ef,belo horizonte,MG,1721
8c5e007d7bd5693fa1386ffefbc99f6c,indaiatuba,SP,1722
8c91bfea4263b8fba54081460693e2a1,horizontina,RS,1723
8c9348f33ae3dada25c99c99ade2af78,carapicuiba,SP,1724
8ca1551acf9832a4cf467bbbac15851f,campo largo,PR,1725
8ca5b19e0263150d2c57afdde2b3d011,maua,SP,1726
8cb7c5ddf41f4d506eba76e9a4702a25,anapolis,GO,1727
8cbac7e12637ed9cffa18c7875207478,jaragua do sul,SC,1728
8cc6a0e5738e61a87b03c78b2ba9db4b,andradas,MG,1729
8ccf3cf69651cc1d8a02c8bfaf3b8568,rio claro,SP,1730
8cf21434553b02cbd37c0bbd07e041b0,sao jose,SC,1731
8d46553a36e68f95350a200c12f8f2e2,campinas,SP,1732
8d79c8a04e42d722a75097ce5cbcf2ef,caucaia,CE,1733
8d899e15a5925f097cca50faa49b15e3,sao roque,SP,1734
8d92f3ea807b89465643c219455e7369,sao paulo,SP,1735
8d956fec2e4337affcb520f56fd8cbfd,sao bernardo do campo,SP,1736
8daab2245ebdc277c51098d01c5ad8ef,sao paulo,SP,1737
8dd386be0767c330276ea6a3f96532d3,paulo lopes,SC,1738
8de8fe3af4449ed695d2434c933ed73e,sao paulo,SP,1739
8def3db7f272735afb2ecd03aeca09a7,rio de janeiro,RJ,1740
8dfbc5ff27df12f6cef751d3b9554222,curitiba,PR,1741
8e29d051f810eb22959ede205b462b9f,mirassol,SP,1742
8e2b3afb420011ef0c88c9d5f11ea526,campinas,SP,1743
8e34331b7eedd03be4e5d965c1956225,sao paulo,SP,1744
8e4f041ff58e7845456d3482524014b3,porto alegre,RS,1745
8e670472e453ba34a379331513d6aab1,juiz de fora,MG,1746
8e6cc767478edae941d9bd9eb778d77a,araguari,MG,1747
8e6d7754bc7e0f22c96d255ebda59eba,sao jose dos campos,SP,1748
8e8a7ce9f2f970dc00e2acf6f6e199f6,sao goncalo,RJ,1749
8ea394aed8138685abe1eb9f25e1021d,sorocaba,SP,1750
8eb88b0acb3f90a717ad659221471fa7,cacador,SC,1751
8ec76bb0965af3f007692b26fa9d6623,criciuma,SC,1752
8ed8ea9a57c862f2c18c2fe41f601d56,blumenau,SC,1753
8f0fbe2cd4d472157dc1cdef6edecaa9,sao paulo,SP,1754
8f119a0aee85c0c8fc534629734e94fd,barueri,SP,1755
8f2b51a30523cdecddc2f179f351c7d6,sao paulo,SP,1756
8f2ce03f928b567e3d56181ae20ae952,pirituba,SP,1757
8f54d64f28a993550aa7943f12572959,ipatinga,MG,1758
8f580d36c1e9d6fbce95283403c7d447,ribeirao preto,SP,1759
8f78f0903005064036736c7173a5c2ed,tiradentes,MG,1760
8fb67a334bacec338885b4e9e1708073,toledo,PR,1761
8fb791022c1fc8909664f48ab7dc636d,sao paulo,SP,1762
8fbd63429be6d3e5e6d1a709b6464802,santo andre,SP,1763
8fbe2ee446b97e128471be4ce983dc0d,sorocaba,SP,1764
8fd3b4468f6425810648177996c14cbd,sao jose do rio preto,SP,1765
8fdca8e349553f99bc738833a62c8802,sao paulo,SP,1766
8fe8786ee000001ab51d030dfd4a7bf1,paulo lopes,SC,1767
8fec2e460530482132c436cfb5439925,laranjal paulista,SP,1768
8ff1a9df749e454105c55cda13e79143,marilia,SP,1769
8ff38bc3969e67c36c48343a07090f66,sao paulo,SP,1770
8fff28c4263ddec387f28d237fb42773,sao paulo,SP,1771
900ba814c251a692506d7834c1218441,salto,SP,1772
901b460cdce0c64e471230d7f2f9f3a3,porto alegre,RS,1773
902c99f1ac505c0d18778b61bcd636f7,mogi guacu,SP,1774
903037660cf848a717166eb7a06d616e,sao paulo,SP,1775
90b36c5aeb728d5504a39f435bef0c5f,conchal,SP,1776
90b57083da5d803237da74daec6dcb2b,curitiba,PR,1777
90d4125885ab6c86e8820a722be71974,taboao da serra,SP,1778
910a922b426b7ff95eaee129ad6c0e1f,sao jose do rio preto,SP,1779
913fd0ebba70bb919f7254a02239173c,blumenau,SC,1780
9140bd1d9de28b197dce077bdd687438,amparo,SP,1781
9140ef75cc8211c4035935e80e567204,maringa,PR,1782
91543f9849d68d023e17194926598543,blumenau,SC,1783
916748bc99315c2d202898ae58b1617e,sorocaba,SP,1784
916c9de0b5ad957346eeeb12f332687e,curitiba,PR,1785
918717417d88a9f9ae9735567e6c7682,sao paulo,SP,1786
918f6fbcf3ab724d805867303e593a1b,valinhos,SP,1787
9198786624eaeb375793215cad26cfa6,rodeio,SC,1788
91f0eec23d4a61d7d7caeefa3f0ad1ca,tubarao,SC,1789
91f5779a8731baca4809fdeade81803f,barra mansa,RJ,1790
91f848e9f4be368f4318775aac733370,sao paulo,SP,1791
9200e6ce317b67196b6b0bad4d4bd567,rio de janeiro,RJ,1792
921323538c9f1c4e816f2720eac02bea,sao paulo,SP,1793
9261d76c62caaf0b24677c2ceb7f8f20,palhoca,SC,1794
92992bec39dde5766f590d3b1f46d465,sao paulo,SP,1795
929f342384a6607afe143d789ade1316,londrina,PR,1796
92c8bc6e8f925792247656fed09aad65,sao paulo,SP,1797
92d14edfb62ee5ae7fdff70b0f4e7233,sao bernardo do campo,SP,1798
92eb0f42c21942b6552362b9b114707d,sao paulo,SP,1799
9315e491484b1b0081ca166fc164108d,londrina,PR,1800
933446e9a59dece7ae9175103820ca8f,curitiba,PR,1801
934ed5cd1b9c1c7382d0a94a94b9e639,curitiba,PR,1802
939e6227d6964a11a70aa91243e418f2,conselheiro lafaiete,MG,1803
939f6e231201f26803cb5c3a3d2940b3,bauru,SP,1804
93b9a99027bd8bd6af682aff18dd19bf,mairipora,SP,1805
93bef6edaa84956e8e575016449b6351,sao paulo,SP,1806
93dc87703c046b603023e75222018b45,belo horizonte,MG,1807
94144541854e298c2d976cb893b81343,viamao,RS,1808
941554c5757b73ba0e50aa7732310afc,sao paulo,SP,1809
94165aea8a35c3c21499cbcae239b16c,uberlandia,MG,1810
94231344608e603693b0a8891143f65d,porto alegre,SP,1811
9449f25aeaf531019b76999ea49a6949,rio de janeiro,RJ,1812
9485a23c0430ba1d58d359391606fce6,santo andre,SP,1813
94b9108d4b637ba65bb4f1e53cfcf8d8,guarulhos,SP,1814
94c49f20a123aeb9360dbf80ff912bf6,sorocaba,SP,1815
94ca168e8bcb407ab85c5da308863027,clementina,SP,1816
94d76e96eedd976258cd3278ce56d5f2,sao roque,SP,1817
94e93ce877be27a515118dbfd2c2be41,votuporanga,SP,1818
951e8cef368f09bb3f3d03c00ca4702c,ibitinga,SP,1819
9523fb39dd240aa958e040f8183d64f3,sao paulo,SP,1820
9535a841eecebed61a9fb1ac1cbb5597,sao paulo,SP,1821
9539213aa8e023c01937bef95dc006da,sao paulo,SP,1822
954e95f20808d7e5d11f0de292d078e0,joao monlevade,MG,1823
9558aa23f77a9e0a0eca83540999f43b,apucarana,PR,1824
955fee9216a65b617aa5c0531780ce60,sao paulo,SP,1825
9591fc341b1bfb7ef561e2968ec6e011,sao paulo,SP,1826
9596c870880d900012f2e8e6e30d06d7,varginha,MG,1827
9599519be538b98748162a2b48248960,sao paulo,SP,1828
95b293867b5862941c9cd74f756a3c68,sao paulo,SP,1829
95cca791657aabeff15a07eb152d7841,palotina,PR,1830
95e03ca3d4146e4011985981aeb959b9,rio de janeiro,RJ,1831
95ec4458365c4d11f452ccf538377619,limeira,SP,1832
95f83f51203c626648c875dd41874c7f,borda da mata,MG,1833
960945e1a9535cbc0cd6ddd35fbe7ae8,sao paulo,SP,1834
9616352088dcf83a7c06637f4ebf1c80,umuarama,PR,1835
961dff0a659b4561334372337dd897d9,rio de janeiro,RJ,1836
9646c3513289980f17226a2fc4720dbd,sao jose dos campos,SP,1837
96493fab2fbb13a14d0c0e8772eef5c3,sao paulo,SP,1838
964ff64dc05b13811c6d0f41e0aa5f6b,sao paulo,SP,1839
966cb4760537b1404caedd472cc610a5,diadema,SP,1840
9674754b5a0cb32b638cec001178f799,sao paulo,SP,1841
96804ea39d96eb908e7c3afdb671bb9e,ibia,MG,1842
968268a686aa05d1f529fb07dff08130,sao paulo,SP,1843
968ee78631915a63fef426d6733d7422,erechim,RS,1844
96e5dc09087bad639b4ee193104ec2e5,bom jardim,RJ,1845
96f7c797de9ca20efbe14545bed63eec,cravinhos,SP,1846
972d0f9cf61b499a4812cf0bfa3ad3c4,brusque,SC,1847
973f21788dfab357250f69a8dcb7ddee,claudio,MG,1848
974cf2cb8f4b7add98709c30df02fe10,araraquara,SP,1849
97512d3fc193b2d1dfcdba0f9d1f0f8a,sao paulo,SP,1850
977f9f63dd360c2a32ece2f93ad6d306,tabatinga,SP,1851
979e9f8b5b39dd243a2550c8b05aecf0,sao paulo,SP,1852
97e4a63591ca439a2b8b7efd20e6e19e,rio de janeiro,RJ,1853
97e50a621f8e801f4baf69e08687c192,sao paulo,SP,1854
97e995629983723d11830a829bc2b246,lorena,SP,1855
9803a40e82e45418ab7fb84091af5231,rio verde,GO,1856
980640c45d7a4635885491d077167e4d,rio claro,SP,1857
98115075dd26cb8835946fc6086f5d30,ao bernardo do campo,SP,1858
984c273121e743dd14767befe6cb17f5,americana,SP,1859
9853a239ab7b7ebbdc3a21248d5b8e1f,campo largo,PR,1860
985c92cc412091f8529c12d7f23d3fef,sao joao del rei,MG,1861
989becdce12ebc39863c2bceab6f3ca1,curitiba,PR,1862
98dac6635aee4995d501a3972e047414,sao paulo,SP,1863
98dddbc4601dd4443ca174359b237166,sarandi,PR,1864
98e164d549402270247f3c96a1a158ef,sao paulo,SP,1865
98f52e1020fe788c10c0418de4393fec,macae,RJ,1866
99002261c568a84cce14d43fcffb43ea,cuiaba,MT,1867
9906e7aa42a3c067b7c9a564d01c4320,maringa,PR,1868
994f04b3718c2bab35c2adfa8afecd2a,jaguariuna,SP,1869
9996ae921c50e8dff411ac69c0b4bb8b,tupa,SP,1870
999f6d9a1c7c81f43be44c6b7d076210,sao paulo,SP,1871
99a25c39b28a74d1151c35c18d178292,sao paulo,SP,1872
99a54764c341d5dc80b4a8fac4eba3fb,sao paulo,SP,1873
99cd94252748d2bdde08e17858233602,sao paulo,SP,1874
99eaacc9e6046db1c82b163c5f84869f,franca,SP,1875
9a03a4e9eb0b947652fae4f6121a3f5e,catanduva,SP,1876
9a1aea68d3efa00862ec88c0768037d0,catanduva,SP,1877
9a208dee8f95cfdf00760c4d627828ec,belford roxo,RJ,1878
9a84ba99f5367fdbd4598363496f1ea2,luziania,GO,1879
9aa388272ee334b6ae07bc73706e254a,muriae,MG,1880
9ac4f14370b1e24ddc58be041b7f99df,jaragua,GO,1881
9ac75591b69c3402684b6ce0310f22ee,sao paulo,SP,1882
9add47bf45ce8e8c7db6b9cf670b1e09,fazenda rio grande,PR,1883
9b00cad94ef3078faf6fba2e792c158f,janauba,MG,1884
9b00ed88b7fdb95d6ff76e27c1b52d16,sao paulo,SP,1885
9b013e03b2ab786505a1d3b5c0756754,vicente de carvalho,SP,1886
9b1050e85becf3ae99c1cf4934c9bc5d,montes claros,MG,1887
9b1585752613ec342d03bbab9997ec48,rio de janeiro,RJ,1888
9b1ab052f5fca308ba743ac789ebb2e1,pitanga,PR,1889
9b1f656ca3060f8af17a50d8a024b533,santos,SP,1890
9b522ba7eae9e1d04082f267144583cc,sao paulo,SP,1891
9b76ad3d04236f76bc71c59470305e13,boituva,SP,1892
9bade61a92bed55a25d2b67b9f4ed739,sao jose dos pinhais,PR,1893
9baf5cb77970f539089d09a38bcec5c3,indaiatuba,SP,1894
9bc484c87d79cd4874e05ca182658045,sao paulo,SP,1895
9bcdfa7b615b3abb9461d9e3ad9886ae,blumenau,SC,1896
9bf11dfc0bec77e5a23028043c3c5a8f,contagem,MG,1897
9c068d10aca38e85c50202e17b4a7e88,coxim,MS,1898
9c0e69c7bf2619675bbadf47b43f655a,sao jose dos campos,SP,1899
9c1c0c36cd23c20897e473901a8fb149,praia grande,SP,1900
9c351405b754cc5ce3e2ecf277bb034a,sao paulo,SP,1901
9c3a1c416c765687bc79a04113269929,carmo da mata,MG,1902
9c3c24eca51c52b91c1de727d2a2ae06,caxias do sul,RS,1903
9c4d31c7e46ab03a43fc06e3142afd4e,rio de janeiro,RJ,1904
9c54608f0996c32ae4743089d915f845,loanda,PR,1905
9c57bc60cfad5ee62d35d3f1ce4593a1,curitiba,PR,1906
9c690ceacd5c66731bf443ea810195cb,camanducaia,MG,1907
9c7fd21e0aa159b20da593371f08ff7c,osasco,SP,1908
9cad4b68bb993ee401a3c5aaa2bc26dd,birigui,SP,1909
9cea4682e16655f7da87f406902e989e,araucaria,PR,1910
9cf787a239c1aa29dbd76f153dc13f9a,franca,SP,1911
9d213f303afae4983637247556438ede,ibitinga,SP,1912
9d39404483343dd55c7ae254494d8388,sao paulo,SP,1913
9d489893ff6af05029671b785f54b998,leme,SP,1914
9d4db00d65d7760644ac0c14edb5fd86,sorocaba,SP,1915
9d5604a1f112324ad6b2aa552122e0fb,florianopolis,SP,1916
9d5a9018aee56acb367ba9c3f05d1d6a,aparecida de goiania,GO,1917
9d681c7e12db302cb261e721040dde65,curitiba,PR,1918
9d69ba0a7a626a64dc5db08e529559cf,ribeirao preto,SP,1919
9d7a1d34a5052409006425275ba1c2b4,franca,SP,1920
9da15f4a4ea758d9eeb49000dbe57e22,osasco,SP,1921
9da1ca0bef29ee170e541927a5aeabdc,votuporanga,SP,1922
9dc79dd988ac42f4d56c340d7048420a,sao paulo,SP,1923
9dd459b29a14bf89d47183cf2cd0e4c7,sao paulo,SP,1924
9dd59e43f0c9f0553244e8f9c2fb247e,foz do iguacu,PR,1925
9dda5bbacd45e18d6485fee649205d09,santa rita do sapucai,MG,1926
9de4643a8dbde634fe55621059d92273,joinville,SC,1927
9df5750209b83567ec144eb299d7d634,sao leopoldo,RS,1928
9e17b9d64683aebcbb9ee362d06463b4,ribeirao preto,SP,1929
9e25199f6ef7e7c347120ff175652c3b,taubate,SP,1930
9e6229250fedbe05838fef417b74e7fb,mirandopolis,SP,1931
9e6967d3cf386d284251784b18ccb485,sao caetano do sul,SP,1932
9e7c5f4d7770eab65738cca38f9efccf,sao paulo,SP,1933
9e94fa26a70ede4d26226e918e8706a2,sao carlos,SP,1934
9e9b539eb2806acee3f5c28085c1db9f,contagem,MG,1935
9ed65337433adfbedefd23dd76eaa494,sao paulo,SP,1936
9ef932e837d8b7f392c0bfee9d359dc2,ibitinga,SP,1937
9f50216bfd01913736a55a11b55ea842,taubate,SP,1938
9f505651f4a6abe901a56cdc21508025,sao paulo,SP,1939
9f56a7a649097b166d8ed286ad86a15c,rio de janeiro,RJ,1940
9fbd5666d8618fa571c4230fafa09bd6,sao paulo,SP,1941
9fc70243fb26800cba56e8f014797004,belo horizonte,MG,1942
9fe7c6641c79970ab48185498f547c09,sao paulo,SP,1943
a00824eb9093d40e589b940ec45c4eb0,bofete,SP,1944
a0415d9b25ede3c4b1e477e9916ffc03,nova iguacu,RJ,1945
a066df7361163e7ddc5d7452dd17448b,franca,SP,1946
a06c8ff043abea0528ee44171e2140a2,divinopolis,MG,1947
a080fc8a850289b27500f6b49cca2553,sao paulo,SP,1948
a08692680c77d30a0b4280da5df01c5a,sao paulo,SP,1949
a09a13f18ed27932d08438aa6f12756e,sapiranga,RS,1950
a0a14e50070f3225b3eabba5b85da517,curitiba,PR,1951
a0d7fbb07bb5ebc3b05980e750db56f3,ferraz de vasconcelos,SP,1952
a0e19590a0923cdd0614ea9427713ced,sao jose dos pinhais,PR,1953
a1040efe9ff4a6f93c28b0499eada8f5,jundiai,SP,1954
a1043bafd471dff536d0c462352beb48,ilicinea,MG,1955
a11a0e0ca67423425691db355cff69b0,indaiatuba,SP,1956
a13580f0e8f782b7a543885a0ef99f08,rio de janeiro,RJ,1957
a13aaf2d2886ab9fb30fb9a920160b8f,joinville,SC,1958
a1474fd46fd3430168f7ec202da39408,pinhais,SP,1959
a150c540f572d0fb53992264bc5c10b5,sorocaba,SP,1960
a1544b9ea0b2390e020537d4daa89049,jundiai,SP,1961
a154d7316f158bb42e6fa18bbe3afd3a,sao paulo,SP,1962
a17f621c590ea0fab3d5d883e1630ec6,sorocaba,SP,1963
a1bea7061f61f6fdd9a85a6325ba1033,carapicuiba / sao paulo,SP,1964
a1bea9970d8f65b240555f99c2214f7f,pinhais,PR,1965
a1ed30492b3b798bc121845bc4aa7366,sao paulo,SP,1966
a20d8058c866dbaeca014d2cd20ac62e,sao jose dos campos,SP,1967
a213f1bd6458f4a158f3746cb2514559,maringa,PR,1968
a218df5c097b0ca409cfaac1488cc7f6,araraquara,SP,1969
a21c11ec5c3f03e7cc9f9203bff9e1c6,santana de parnaiba,SP,1970
a23266650e7c84bb93fbbba502137478,porto alegre,RS,1971
a247197e2e9c19a6a53a6888cb8b660f,sao jose do rio preto,SP,1972
a254c682cc01e119f83530446f1df9a9,cafelandia,SP,1973
a2a41aedb70551d4a85aa04dc2fced48,sao paulo,SP,1974
a2b5b6105ea5942300631d2e76f4ffe0,osasco,SP,1975
a2b911e9ad40dc7d61c142a4683e2d85,barra mansa,RJ,1976
a2deecd5398f5df4987110c80a1972a3,sao paulo,SP,1977
a2e85714b56b1cb6bb24a9a6e6cad36f,miguelopolis,SP,1978
a2e874074c877c5a05abae80ad6e488f,sao jose do rio preto,SP,1979
a2fa0bdc798ee84cdb08281337cf4fb6,florianopolis,SC,1980
a3082f442524a1be452e3189e003b361,curitiba,SP,1981
a35124e2d763d7ca3fbe3b97d143200f,sao paulo,SP,1982
a353b1083c9863d756d9404695016d64,cariacica,ES,1983
a35ef466c6fd6d052f5d241240d3c5e2,novo hamburgo,RS,1984
a369d693961cb93b61ca2cc518872a85,sao jose do rio preto,SP,1985
a36ac007a4d18f865c8d32c3b2402c2d,barueri,SP,1986
a36b125ac6d5fdbc7f50de85c9157bdc,ribeirao preto,SP,1987
a37c340b91cb0169e8b029db6440fba2,sao paulo,SP,1988
a3a38f4affed601eb87a97788c949667,joinville,SC,1989
a3b0df0065e264a91b7bbf5f844af5cd,sao bernardo do capo,SP,1990
a3b42d266fa8afc874b909422ce88582,orlandia,SP,1991
a3dd39f583bc80bd8c5901c95878921e,salvador,BA,1992
a3e9a2c700480d9bb01fba070ba80a0e,ibitinga,SP,1993
a3f0b55de503387383c7b1de3ad7f678,curitiba,PR,1994
a3fa18b3f688ec0fca3eb8bfcbd2d5b3,sa~o paulo,SP,1995
a414555ce331b8c8aea4a9cb8395194d,sao paulo,SP,1996
a416b6a846a11724393025641d4edd5e,sao paulo,SP,1997
a420f60ff1aa9acc80d0e42959f2b313,sao paulo,SP,1998
a425f92c199eb576938df686728acd20,curitiba,PR,1999
a435b009cd956ea60748b5cfbddf2e24,franca,SP,2000
a44fb5a447105f8469bdf16bf9159f25,porto alegre,RS,2001
a45314082d50d578a4721c9787ce09ab,mirassol,SP,2002
a45765f8afb1e594b22bf9e974b46765,sao paulo,SP,2003
a478c7961d6a992065b24e63b366f90b,blumenau,SC,2004
a49928bcdf77c55c6d6e05e09a9b4ca5,sao paulo,SP,2005
a4b6b9b992b46e9ef863637af96e04bc,florianopolis,SC,2006
a4b8d97cd5d3674eeff96abc99d8ed67,sumare,SP,2007
a4bd6e9adf39b63f43dc545d3ca1f53d,rio de janeiro,RJ,2008
a4e634166243bbb3a13fa584463fa468,osasco,SP,2009
a4fc6eadaff1576af888509a53420f6a,sao caetano do sul,SP,2010
a513150f33f99a06569e9cd5c4bb889b,sao paulo,SP,2011
a5259c149128e82c9d6d46e0c1c812bb,ji parana,RO,2012
a53f60f05f822b5c621a50ff6a5cb362,uberlandia,MG,2013
a56a8043ebf66e42119618fb8cf232c6,joinville,SC,2014
a56e351445e5863fc8960640ba9190c7,itajai,SC,2015
a5a1bfcf728ab0e19182959cf0771ee4,socorro,SP,2016
a5bff0f43eb51f0cad7c37fac7244c8a,sao paulo,SP,2017
a5cba26a62b8b4d0145b68b841e62e7f,campo mourao,PR,2018
a5dd1946fb63ada8bcaa0c9cd8f11e22,caruaru,PE,2019
a5ff20ff766e7f50bd5066f33da14413,sao paulo,SP,2020
a61cc04793308395a840807104365121,jarinu,SP,2021
a63bfbaa882c8f4542891b4e2246cc7f,niteroi,RJ,2022
a64e44665225d19dfc0277eeeaaccc57,sao paulo,SP,2023
a663d9c3797e90eac99ff60939416a56,sao paulo,SP,2024
a673821011d0cec28146ea42f5ab767f,sao paulo,SP,2025
a67780aba9dd436e7ac0aa1f889e73ec,presidente prudente,SP,2026
a69aa24cec11168e7e39a3fbc727e925,carapicuiba,SP,2027
a6bd7d1ccdac48c6b33b28596b7eb122,mamanguape,PB,2028
a6fe7de3d16f6149ffe280349a8535a0,franca,SP,2029
a70e9066dbfd10b6b97a3f54a1356762,mandaguari,PR,2030
a72c2f59332659e361d647515c698798,flores da cunha,RS,2031
a72f15980dc3e9bfd1a49ac9b2f3af65,marilia,SP,2032
a7a9b880c49781da66651ccf4ba9ac38,itirapina,SP,2033
a7b7354cc588f7566a848bcbb1ce3d96,sao paulo,SP,2034
a7c53f6b3b61adbdaa99dda97e8cbd56,barretos,SP,2035
a7c88262832dfc683781d6a421edefae,mogi das cruzes,SP,2036
a7d0f8dd44f57ef6de7f7f02e3d82630,sao paulo,SP,2037
a7dc4098e4da6e41b426269d12ae7e91,sao paulo,SP,2038
a7ecf689b40a44361e259b28939023e4,vila velha,ES,2039
a7f13822ceb966b076af67121f87b063,itaquaquecetuba,SP,2040
a806a4bb063ea7ca6d374eafa50a6058,serra,ES,2041
a81466620e46a6970b22ef40379fdfc9,sao ludgero,SC,2042
a8739afb32aaa45e01815ca76f76f54b,sao bernardo do campo,SP,2043
a888faf2d1baececa6baf9c3d603ee1f,umuarama,PR,2044
a89e143d5211473ae18db9577ee34b64,limeira,SP,2045
a90a5da8b09e44264a177c0374a5ac87,ponta grossa,PR,2046
a938325a4b357fd23a6a4d5bb126408e,nilopolis,RJ,2047
a9415cf907dfa12f9ed18693244f5329,prados,MG,2048
a99504ac23ed125aaf5302af6cc30af9,batatais,SP,2049
a9ae440659f48b7849df83e82734150b,santo andre,SP,2050
a9b533a26e898b12e8b8d4c07279bf4d,rio de janeiro,RJ,2051
aa17b35ce4de7b565be3249ba838944f,jundiai,SP,2052
aa1eb17b9fdf6dfd546e25c45c7b9235,sao paulo,SP,2053
aa2640d851ec322526f1295bbeb20092,sao paulo,SP,2054
aa762680c40618316a896838866140ea,curitiba,PR,2055
aa8af66c623d7d544dfe4bb85b5ebe3b,betim,MG,2056
aac29b1b99776be73c3049939652091d,uberlandia,MG,2057
aac51c486b672a9850d59f3e84b1cf88,sao paulo,SP,2058
aadfe0417e61315688b6bd7043361e25,goiania,GO,2059
aae3bfea055532c57fb453ed3ec80b30,santo andre,SP,2060
aae5953b9edddf14749c0d65d60eb4b9,belo horizonte,MG,2061
aae5e7b457a3c72ee230a47d98fceda5,sao jose dos pinhas,PR,2062
aaed1309374718fdd995ee4c58c9dfcd,timbo,SC,2063
aafe36600ce604f205b86b5084d3d767,sao jose,SC,2064
ab27bbbad5239bc31a34709275a70db4,tatui,SP,2065
ab3e0c171fe84a7ba7de130f19cfb485,colorado,PR,2066
ab75b89cc49c9ab3160d0c91565a442a,tupa,SP,2067
ab91571efab27993ff2f6b36e38055c3,sao paulo,SP,2068
ab9db4cf53b08b828b64dccaafc2d9f0,paraiso do sul,RS,2069
aba1721a889e04decc910aa13b768ef4,sao paulo,SP,2070
abbf6046bbdf1028606a5bc7f00c99e7,xanxere,SC,2071
abc015ebac1d283a323ca9db35ede4b9,ribeirao preto,SP,2072
abcd2cb37d46c2c8fb1bf071c859fc5b,cuiaba,MT,2073
abe021b01ba992245271b9aa422032df,curitiba,PR,2074
abe42c5d03695b4257b5c6cbf4e6784e,rio de janeiro,RJ,2075
ac137bac82ffa8548e62bd9d01d2a14f,sao paulo,SP,2076
ac1ed5fc15901fbc92920361eb4ab350,sao paulo,SP,2077
ac3508719a1d8f5b7614b798f70af136,canoas,RS,2078
ac51cac5e20d69ff485a54746488ef48,ribeirao preto,SP,2079
ac6417315ae5da8f9a38ee11de6f7780,aruja,SP,2080
ac9b01377919cdbd2a1bbb8d5837c70b,mogi das cruzes,SP,2081
acadd4d36859671cb635527c6c977533,santa rosa de viterbo,SP,2082
acb6c2ca5c82411c1fdb88d5fd5eb95e,sao paulo,SP,2083
acce39e832338debb07b02385cde5967,contagem,MG,2084
ace601496e211a664100321f038f50af,sao paulo,SP,2085
aced59e9b31ef866a94f9e7f29d8d418,sao paulo,SP,2086
acf974e4d5950ad143a247471b831eb9,caxias do sul,RS,2087
ad14615bdd492b01b0d97922e87cb87f,tubarao,SC,2088
ad273c9eb54ecb4532de4bf75bae9e4e,curitiba,PR,2089
ad420dd0c4f92f8af951ac24b86d0cf5,fronteira,MG,2090
ad738d3fcf42655ed15c4960b7b6c601,novo hamburgo,RS,2091
ad75519a07f039025e83795a4418470f,santa terezinha de goias,GO,2092
ad781527c93d00d89a11eecd9dcad7c1,sao jose do rio preto,SP,2093
ad87df7699e83b8a91822a4a0b765c3a,jaguariuna,SP,2094
ad8ada0ffa993cb1197d102d9ab21a3e,araguari,MG,2095
ad8b531ae67582f096925cff5630d0d1,castro,PR,2096
ad97a199236354e53fcd91a5a913e9a2,brusque,SC,2097
adbc26658d6c7b4b6219f9d934598091,curitiba,PR,2098
adbe70ab2c97442046d393988c8d1d27,maua,SP,2099
adcf50477d6a1f5d91bb9d54c4903cb5,claudio,MG,2100
ade45994b717ccee333492330fbf037b,umuarama,PR,2101
aded58c8142dedc5494a81f948431fab,rio de janeiro,RJ,2102
ae45ad30c2d2e5913094769690a239d2,franca,SP,2103
ae45df84722b1d15c5f32b23a095746c,sao paulo,SP,2104
ae7ab174effdead6c241e547e4ca13f0,arapongas,PR,2105
ae8bfdbf1c2a2a2dee92d799db0a31c6,toledo,PR,2106
ae9690c6e8fee182c28c9ff8e11ca52c,sao paulo,SP,2107
aeb36d67f1414f234d42a29e27cf1f17,santo andre,SP,2108
aec99834ab5d38ead22766ada8497e87,colombo,PR,2109
af3ef48d0e13835e529c29ac573c63e5,araraquara,SP,2110
af4a0e4cfe1d9c26b6712b1be25a72e5,mateus leme,MG,2111
af7cdac9d9897cddead9c6b08976c642,laranjal paulista,SP,2112
afa6714acee029b2dfdf357e5579cc03,descalvado,SP,2113
afac9f6b0c4e5f0a7ee87e922cd0f873,bauru,SP,2114
afe0067131b73e40875c9b6c10bd2e21,lagoa da prata,MG,2115
b00af24704019bd2e1b335e70ad11f7c,salvador,BA,2116
b01c2b7b8599b325103ebcddc67413e1,venancio aires,RS,2117
b026643914f651e8371425e5b8a1e780,rio de janeiro,RJ,2118
b0398568231ba5e6734af1881671a317,colatina,ES,2119
b05b432bf68945d4d9783f9e3ca29ee8,birigui,SP,2120
b080809eaacb49e5ca07290981472431,belo horizonte,MG,2121
b0b346d3a89f5eb4c2968af3f083cd43,campinas,SP,2122
b0f2a6122a90a93eb03e68653dd960e3,curitiba,PR,2123
b1204cfda1d4948679db3cfc0d3cb95c,guarulhos,SP,2124
b127efdabeffb5d559349c7b172eb75d,sao paulo,SP,2125
b12cfd255810394b60caef18ae163547,cascavel,PR,2126
b14db04aa7881970e83ffa9426897925,sorocaba,SP,2127
b16d3dadc47d4eb18be3d88bad0775ce,estancia velha,RS,2128
b17b679f4f5ce2e03ce6968c62648246,ribeirao preto,SP,2129
b18871c324516afa228a13e8f1ef0ae9,sao paulo,SP,2130
b18dc380845b24038cfc48006478f099,diadema,SP,2131
b19c48688808720822399ffa9f2dbe2f,sao paulo,SP,2132
b19f3ca2ea475913750f25a5c37c8d8f,divinopolis,MG,2133
b1a81260566c1bac3114a6d124413f27,carazinho,RS,2134
b1aaae6b66ad3c40f54b389d7ea4bee0,sao paulo,SP,2135
b1ac6ea7895bc3dd6f0f6f4abbdd2821,canoas,RS,2136
b1b3948701c5c72445495bd161b83a4c,sao paulo,SP,2137
b1fc4f64df5a0e8b6913ab38803c57a9,sao goncalo,RJ,2138
b1fecf4da1fa2689bccffa0121953643,campo grande,MS,2139
b2479f944e1b90cf8a5de1bbfde284d6,ibitinga,SP,2140
b248792ac0b60ec3f93d80af1b4fae47,sao caetano do sul,SP,2141
b26741d31a563d769b4af0465ab20c56,florianopolis,SC,2142
b274baf5bbd142410eb2958cf685d684,montenegro,RS,2143
b29d3380981c51df13fc6fbe87e1763d,ribeirao preto,SP,2144
b2a6d334e2833acea353624840e25a0e,sao paulo,SP,2145
b2ac621f0d0322434d04a12b078b9369,curitiba,PR,2146
b2ba3715d723d245138f291a6fe42594,sao paulo,SP,2147
b2bdc5e7940a7d7ca8c4a37953b27a42,vargem grande do sul,SP,2148
b2c97074649f92197d9387d9033dda5f,botucatu,SP,2149
b2eecf5ea250510da76590ca79d60e5d,sao paulo,SP,2150
b2f4d63c7203f539a78252565ca32257,armacao dos buzios,RJ,2151
b32be1695eb7ec5f10f72d9610a12527,caxias do sul,RS,2152
b335c59ab742f751a85db9c411a86739,araguari,MG,2153
b33aaadd1a8891d2dfef0c4c3bdf0371,limeira,SP,2154
b33e7c55446eabf8fe1a42d037ac7d6d,pradopolis,SP,2155
b347677812ea483b0f528eaf8cbc09b7,curitiba,PR,2156
b372ee768ed69e46ca8cdbd267aa7a38,sao jose do rio preto,SP,2157
b37c4c02bda3161a7546a4e6d222d5b2,sao paulo,SP,2158
b3809b8d4394588a47c8470ea331e135,sao paulo,SP,2159
b39d7fe263ef469605dbb32608aee0af,ibitinga,SP,2160
b3b17aab11f273023a5f22ca52e1eb70,londrina,PR,2161
b3e2faf2c1004d674f16a3aa3197f0e1,ribeirao preto,SP,2162
b3f19518fcec265b2e97af287725f981,tanabi,SP,2163
b410bdd36d5db7a65dcd42b7ead933b8,goiania,GO,2164
b416191c9813d821a295cfabafff4161,franca,SP,2165
b43d8b707f887a30f4675391098354a0,ipira,SP,2166
b44dbfbf62e52125f3c15d230569ea91,sao paulo,SP,2167
b452cb0ae35044c4a53179c39f49fb06,sorocaba,SP,2168
b45d7ebfb7378630f1bcd74b6ff86ff7,belo horizonte,MG,2169
b494891378bd8f4560abe576c52deacd,sao paulo,SP,2170
b499c00f28f4b7069ff6550af8c1348a,limeira,SP,2171
b4a476fbd28de64b1e347abf9089366a,itapevi,SP,2172
b4b447d715f9ab302a188fb43d3e96b3,sao paulo,SP,2173
b4f8921fcc4ff77b66bea6dda43dcd51,caxias do sul,RS,2174
b4ffb71f0cb1b1c3d63fad021ecf93e1,sao paulo,SP,2175
b55638ad525e906c698fa2ce742c1742,imbituba,SC,2176
b561927807645834b59ef0d16ba55a24,sao paulo,SP,2177
b566ab0ef88016e00422755e305103c6,extrema,MG,2178
b56828a9f9027f3c918c04ca720d9e3c,praia grande,SP,2179
b56906f7fd1696e043f1bcce164c487b,echapora,SP,2180
b57e8460909fa137df7951b4a3b5ea84,porto alegre,RS,2181
b586cd24c010a13916af621b0325fbba,rio do sul,SC,2182
b5abf4f36adc043117b4fca82c22984c,brasilia,DF,2183
b5b800c4065bebf4d3442311c9857344,sao paulo,SP,2184
b5bb2b985208834bd5bd86c7a402bbad,venancio aires,RS,2185
b5d034ac251546e25afe9067f05c1539,itapecerica da serra,SP,2186
b5dd7151a92ccaaa282cbe9681a05f44,ribeirao preto,SP,2187
b5e3e38609125694d2ea2417522a60b7,florianopolis,SC,2188
b5f0712d22a873b6797ab6cc65c3fcba,sao paulo,SP,2189
b5f49fe968dff6b112861e6cd8e192ef,curitiba,PR,2190
b64d51f0435e884e8de603b1655155ae,garulhos,SP,2191
b67d6c666e8dce1d078c882825e12704,sao paulo,SP,2192
b6c6854d4d92a5f6f46be8869da3fa1a,sao paulo,SP,2193
b6d44737c043328708f6749c2dbe50bd,santo andre,SP,2194
b6dc74ed30f124f95227bed4e43a3bed,arapongas,PR,2195
b6e1504972665f739dec4facb9943775,piracicaba,SP,2196
b6f52e346160519c24a23af05410ad32,sao paulo,SP,2197
b74d1c09cb380e1d03a6f859c6f4224b,rio de janeiro,RJ,2198
b76a1f8356322f12529c37b67d5c96c2,santos,SP,2199
b76dba6c951ab00dc4edf0a1aa88037e,sao paulo,SP,2200
b76f4d90e85657a240495c876313adc5,hortolandia,SP,2201
b77a27b1864483e721dc831d5ba4afa0,duque de caxias,RJ,2202
b7ba853e9551f4558440881fd3e5c815,santo antonio da patrulha,RS,2203
b7cc6c5e001441ae8cdd5c69a480cbe4,curitibanos,SC,2204
b7d5b4b87af9d42b601865d3f3810bff,florianopolis,SC,2205
b7e1750c1157341d2abd0251e07c186b,sao paulo,SP,2206
b7ed9fb14c8eadb37adb9c45d67ab0fb,jacarei,SP,2207
b8114f2f589a6804810f04f99b36b498,sao bernardo do campo,SP,2208
b81e3a6c866a764974fe849821abeebd,maua,SP,2209
b839e41795b7f3ad94cc2014a52f6796,sao caetano do sul,SP,2210
b83cedfb587e7911540e3f576d6917ce,sao paulo,SP,2211
b8555308bfdb4ca1ed54325a58da9a97,sao bernardo do campo,SP,2212
b8578d2d823bd8e251f6fdd02b40902d,blumenau,SC,2213
b8630e1121437d41cb08e3c749c2c2e2,duque de caxias,RJ,2214
b86a47b3366e3b5424a7b225781f4908,passos,MG,2215
b87a7ea0c30fad2dd6781b74a0064859,sao paulo,SP,2216
b88e7c57cb2d8b973b7dd4a2bfa14b36,curitiba,PR,2217
b8a0adc91af209270c2c725168eb00fd,ibitinga,SP,2218
b8bc237ba3788b23da09c0f1f3a3288c,itajai,SC,2219
b8d890108a7a80e4f5d59eea9f362438,curitiba,PR,2220
b906dd0e57f282c7089171b6ed07982e,parana,PR,2221
b90e891671cffd9557f33a97dc523645,sao jose dos pinhais,PR,2222
b92e3c8f9738272ff7c59e111e108d7c,uba,MG,2223
b94cc9f10ddc85e4ba73a6f7974e7101,macae,RJ,2224
b98b715fe9e276204e2a3464f48cd796,sao paulo,SP,2225
b9a03475e6447e631b6799ec8274800f,formosa do oeste,PR,2226
b9c0ffa92f3ff9a5a3d45ef7213c0842,sao paulo,SP,2227
b9ca8e8baa5d4aa038394a700f63e69f,sao paulo,SP,2228
b9de031b671cd48b28fae9d828cbf2b4,sao paulo,SP,2229
b9ec22de23f18567de0e09d776ca0309,brasilia,DF,2230
ba143b05f0110f0dc71ad71b4466ce92,sao paulo,SP,2231
ba5daa4041e1f15cdf34b76e3e18a450,sao paulo,SP,2232
ba6b4a237f92479743cf0ca06b67a9ac,rio de janeiro,RJ,2233
ba6b68b55fe8704377a7d43c8e5c0185,belo horizonte,MG,2234
ba6ce6de456f6c11d08c17701ba5c26f,sorocaba,SP,2235
ba89796db68db180bd389de96b2ff3b6,sao paulo,SP,2236
ba8e85df286308fe68a2ce83a8f8b2d6,santa catarina,SC,2237
ba90964cff9b9e0e6f32b23b82465f7b,guarulhos,SP,2238
baa49d93c8c8841e27400a300f5d74b2,sao jose,SC,2239
bab0a8cd684e41ba6e2637dca0979d3b,rio de janeiro,RJ,2240
babcc0ab201e4c60188427cae51a5b8b,porto ferreira,SP,2241
bac44fa8e13424950488659b5f765c41,sao paulo,SP,2242
bac692d6c0ed08467878018e6cc9c26c,blumenau,SC,2243
bacb1f0ed56ad24198f5810d2b3fe9a5,jacarei,SP,2244
baeda7047354773262ba2405f97038ba,americana,SP,2245
baf15155e37ef5492731459bdc05be8a,sao paulo,SP,2246
bafc5aa11e413978be29040f51342e70,belo horizonte,MG,2247
bb135baca94c82fcb731335ad5b04a03,sao paulo,SP,2248
bb2afe2061d53c6968aa0cffa233a8ec,sao paulo,SP,2249
bb3dca718920a4d7ec3cc9ffb025108b,sao paulo,SP,2250
bb5bd94c8f59cc050072d2930c869cac,sao paulo,SP,2251
bb5d956dece964a06c12bceb66b923ae,rio de janeiro,RJ,2252
bb7a14e229b1c95156719c3d9552eeee,rio de janeiro,RJ,2253
bb7ad8a45c027be8ab075b8e465f8ca0,floranopolis,SC,2254
bba3293d6f5d5af2f415e004e8b93ae3,sao paulo,SP,2255
bba74270a87732727b5a3b4fd9ac1c39,betim,MG,2256
bba8d0c234a52b87b3957037a215d1a4,goiania,GO,2257
bbad7e518d7af88a0897397ffdca1979,sao paulo,SP,2258
bbaff50f3b708fda865918715276cd87,atibaia,SP,2259
bbd3acfe6de99892e73940d3fdceaf68,santo andre,SP,2260
bbe87dce25ba8b38bb61cc7210a3f10b,sao joao da boa vista,SP,2261
bbf4a892cac7b82422baa711dffb8997,curitiba,PR,2262
bbf9ad41dca6603e614efcdad7aab8c4,fortaleza,CE,2263
bc07d855eac23aab5ac8a120f21d16b2,mogi das cruzes,SP,2264
bc2ac6b95e1accce9858528ee566c17e,campinas,SP,2265
bc302730ea8cf49b5c74f579febb5bbf,campinas,SP,2266
bc30de0d71bd6260b936a026b5cf7200,pedreira,SP,2267
bc39d8938f90a3a2b98193723ed59774,cajamar,SP,2268
bc47d5d1490df2b36add65d733eafaba,santo andre,SP,2269
bc503e244f187939d10c92a5c8e378ce,birigui,SP,2270
bc8c8d665ec4664d286be0d521722b19,sao paulo,SP,2271
bca9230d3bbb4efa51872bf605a2f1ad,sao paulo,SP,2272
bcc9dd23e2a8bd8267cf92b19304a1b9,ibitinga,SP,2273
bccf933e006e9b94a6184af782963e77,assis,SP,2274
bcd2d7510d58e293f20fad6438c1b314,curitiba,PR,2275
bce6a5ecf98e99fd2a8868b15c51f04b,guarulhos,SP,2276
bcf5566870987da7bc811fbc8c5b9fd9,sao paulo,SP,2277
bd0389da23d89b726abf911cccc54596,brasilia,DF,2278
bd0a1b0aadca9a83d9304f7e8ff5fbd5,sao paulo,SP,2279
bd149ed516d4c5d418d5781f8e18919f,guarulhos,SP,2280
bd15ee794d5e640d9dd71b665b2ab15b,ribeirao preto,SP,2281
bd1d49a326abfa9b1036772e40445430,bauru,SP,2282
bd23da7354813347129d751591d1a6e2,sao paulo,SP,2283
bd43e172d599bed47a85da877172ca8c,sao bento do sul,SC,2284
bd4431c1a8dfa744b59e1e2a8bc99b9e,rio de janeiro,RJ,2285
bd4889b5e9133b35b66e42a8665cea5c,sao paulo,SP,2286
bd4ff04377f974574f7f0bf9d6ce7dde,santa maria da serra,SP,2287
bd65d163ded559eb90a10cd09fec178f,sao paulo,SP,2288
bd697db56ff8e7c9cd1abeb7f72029b2,sao paulo,SP,2289
bdae679a9b282249bc23b9b69dae9a99,brasilia,DF,2290
bdb3edbaee43a761e2d4f258dc08f348,lencois paulista,SP,2291
bdf0d02d36a1d839d0c39c4a887cdd49,birigui,SP,2292
be1e9e378700cecaa4ebf71433d7915c,ribeirao preto,SP,2293
be3b4b0f050a6aa1b2d901c4b77e979f,imbituva,PR,2294
be67f78487e2cecb0d55bc769709e4f5,ibirite,MG,2295
be7a093e5b4d147b36b72bb1f9e415e5,toledo,PR,2296
be8e909810184b9b19e886129149d8e5,piracicaba,SP,2297
be9a160a9011f627c3e121d076c1ec7b,jaragua do sul,SC,2298
beadbee30901a7f61d031b6b686095ad,guarulhos,SP,2299
bec568278124768c474ee90971ca94d1,sao paulo,SP,2300
bede56095ba33c42038fb85f707b8a42,valinhos,SP,2301
bee36b4f9a2b9fdcaff6ec05df202ed0,sao paulo,SP,2302
bf00385a5f7fc1ef39a13c2e9ee50a5f,sao paulo,SP,2303
bf0045791395e66460eb04749c68672a,sao paulo,SP,2304
bf0d50a6410d487dc97d2baac0a8c0be,piracicaba,SP,2305
bf100ecb7997df312b285358fb32f92c,sao jose dos pinhais,PR,2306
bf3c6d2a28b2b5501e6c15448982dcc9,sao paulo,SP,2307
bf84056e679dbe9c69929847a40e338f,sao paulo,SP,2308
bf961104a38e01b9062ee026bb657dee,ribeirao preto,SP,2309
bfd27a966d91cfaafdb25d076585f0da,serra negra,SP,2310
bfd938b22bc99bce1ae60dc602889f52,rio de janeiro,RJ,2311
bff9deb0ec77d437f3305a79cf25529e,limeira,SP,2312
c003204e1ab016dfa150abc119207b24,cajamar,SP,2313
c00396cbdd2e088fe4281baa5920aef1,campo magro,PR,2314
c004e5ea15737026cecaee0447e00b75,sao paulo,SP,2315
c0098efcf800861dcae589affca31408,ribeirao preto,SP,2316
c013e57c075a06e5b5c48ee03c525719,sao carlos,SP,2317
c026ef0d72e9132d9fa112308090c8dc,rio de janeiro,RJ,2318
c03121937e54a93fcc1825c3098bbb6e,curitiba,PR,2319
c04d70d515d15a7e3db3a73320598566,niteroi,RJ,2320
c0563dd588b775f2e37747ef6ad6c92c,santo andre,SP,2321
c092292535a57dacd95a8765f5518f87,paracambi,RJ,2322
c0aff2da32c17759d30b22fb0af6649d,florianopolis,SC,2323
c0e0b73d039eb9a99b6ce4cb7a429cd3,laurentino,SC,2324
c0e6839516f5398edc34adf5f1d53d1a,guaruja,SP,2325
c0f3eea2e14555b6faeea3dd58c1b1c3,sao paulo,SP,2326
c0f783394e37cd9c9d7f5f81141450fa,piracicaba,SP,2327
c113b8df1fc375bc3d73d29c1b1144d1,sao paulo,SP,2328
c12b92bf1c350f3e6bf88d3596219c86,garca,SP,2329
c12d7463a579237ffb9248bd7cff378b,sao paulo,SP,2330
c13ef0cfbe42f190780f621ce81f2234,sao paulo sp,SP,2331
c13fb473e7cb8b83ccd543c094df0608,sao paulo,SP,2332
c1552b1dab6e6f760950368ae61fb600,sao jose dos campos,SP,2333
c157bdeedcbc9a8e3c8bf0d87ff24428,mairinque,SP,2334
c161d1327ebc3a156c09582ab2f59f6c,sao paulo,SP,2335
c18309219e789960add0b2255ca4b091,rio de janeiro,RJ,2336
c1849d4d32d7a6cecd5aa471809d3135,santo andre,SP,2337
c1d1ebb4745cc43cb6f05e9c8a705c9a,sao paulo,SP,2338
c1dde11f12d05c478f5de2d7319ad3b2,sao paulo,SP,2339
c1ed9e3daf6154542826a6996af0fb8c,itajai,SC,2340
c1f12f926d0ba950578b4fa41115cbb6,sao paulo,SP,2341
c200c73f9d7e5a08ca439d6a0803da7c,almirante tamandare,PR,2342
c240c4061717ac1806ae6ee72be3533b,rio de janeiro,RJ,2343
c24173065483e421f9e5e7f599de101d,sao paulo,SP,2344
c26a2be5b53b7db6b276280da212a779,nova friburgo,RJ,2345
c26ba52cf8d2f34915f2f6b7ffa0a3f3,rio de janeiro,RJ,2346
c273175f7c6c80fb02f051e2fc6d0d72,sao paulo,SP,2347
c286ec035ee04ba81c97508f0b5df544,curitiba,PR,2348
c2bda99904207edd1834f03e0022b007,sao paulo,SP,2349
c2d70ce2c5d0a2eb75e78668236e6dc8,sao paulo,SP,2350
c31eff8334d6b3047ed34bebd4d62c36,salto,SP,2351
c3251e13f1bbda6c74e37c160f991e19,porto ferreira,SP,2352
c32fc744b9160ac853450488e3cfea93,ribeirao preto,SP,2353
c33847515fa6305ce6feb1e818569f13,brusque,SC,2354
c33a5c3c983090c8b78a28e65052a20d,criciuma,SC,2355
c353f8fc0ce8344999f17d578eb69a5e,porto alegre,RS,2356
c35672b10ad50968f567ea3f4b91e877,mesquita,RJ,2357
c35affa65afd250151285c5917fc1c8a,sao paluo,SP,2358
c360e4787614ed31ac7a2f95d3b22dc6,lencois paulista,SP,2359
c37b2059d4f90d4feead554e5246565e,sao paulo,SP,2360
c3867b4666c7d76867627c2f7fb22e21,guara,SP,2361
c394e193cda3b4225ff2094d32184849,sao paulo,SP,2362
c398bc00a606d33758afd91f4e64fd15,rio de janeiro,RJ,2363
c3aad7dc65449ae90a5e9c3c6c1e78e0,auriflama/sp,SP,2364
c3acdfac4e3e97ff87529454fbc03642,sao paulo,SP,2365
c3cfdc648177fdbbbb35635a37472c53,curitiba,PR,2366
c3e1abd72a42fe690fcd89cf5720fe29,mogi guacu,SP,2367
c3e2398fcc7e581cda2e546557bf6968,sao paulo,SP,2368
c3ee2331a724e6fc02c4b698b57a73f3,sao paulo,SP,2369
c3f5668699a1b04c0fa61ecea1e2bff6,apucarana,PR,2370
c3fe93ba3085f92855c97e57f38c8c05,curitiba,PR,2371
c42fd8e4d47dfb18ce5222f2dd7752f9,osasco,SP,2372
c43d924a0f1688ee9fae0efcd6f539d4,rio de janeiro,RJ,2373
c447f8dd3ed213f291d65ef074a268eb,assis,SP,2374
c458e2045a8aa8964f8879af03fdcce6,sao caetano do sul,SP,2375
c4af86330efa7a2620772227d2d670c9,mogi das cruzes,SP,2376
c4b911d06343b21dd906651f8101cb49,vera cruz,SP,2377
c4d51195486dc781531876a7d00453d8,presidente prudente,SP,2378
c4f7fee5b0db50e87766f5a4d1b1b758,sorocaba,SP,2379
c4fabeea6e569d42d02993bb1f4f1cbc,fortaleza,CE,2380
c4fb51fb1c5b7c07bc5e67be6e7e8f6e,curitiba,PR,2381
c500367424994318b9e779ff1ae9a330,paulinia,SP,2382
c510bc1718f0f2961eaa42a23330681a,indaiatuba,SP,2383
c522be04e020c1e7b79f3acff36513d5,santana de parnaiba,SP,2384
c52c644cc0dc85121207a27013efc6af,tiradentes,MG,2385
c53bcd3be457a342a97e39e5a9f0be22,neopolis,SE,2386
c542f5a8c64d973f30e9df8d06f70b4a,sao paulo,SP,2387
c54679b132454625907c773d273d4126,guaruja,SP,2388
c5e60e39c0f42b8e827daa13cff74afa,sao paulo,SP,2389
c5ebe6598748b0aeaa61cfb820478b92,lajeado,RS,2390
c5f7e746b7e6d07def6c0dae9903279b,curitiba,PR,2391
c5f7feb04a6a1fb3596322bfc3cf1917,sao caetano do sul,SP,2392
c60b801f2d52c7f7f91de00870882a75,guarulhos,SP,2393
c611f4ce9ce875bcc063fa97fd4d7d12,atibaia,SP,2394
c6218512d16fcac0af02fe92691cf274,contagem,MG,2395
c6381b1321d7d97717a5bb4ed5b77882,sao paulo,SP,2396
c6381d2d013342748761e906d45aff76,portao,RS,2397
c64a2aec32cc408a8a4c6d7c46017f91,imbe,RS,2398
c66dccfb3f109511246da627dd5a2498,registro,SP,2399
c679fb69a36e1d8349e8c50a217b4d58,caxias do sul,RS,2400
c68fb906c8f4b4b946d8386bfa6e5467,jaboticabal,SP,2401
c6a7539d424a8402232c2228d7a03c5e,sao paulo,SP,2402
c6bda72e4dbf5c5866b13cb1810c6d03,sao paulo,SP,2403
c70a353f02429c00775a46a75fb787da,sao paulo,SP,2404
c70c1b0d8ca86052f45a432a38b73958,hortolandia,SP,2405
c714262700f93defc16bf17a51a4cb23,sao paulo,SP,2406
c716e0b86ed568878475b60fbb6323ad,rio de janeiro,SP,2407
c7246702dc991a06d788120dc7544391,fortaleza,CE,2408
c72de06d72748d1a0dfb2125be43ba63,guanambi,BA,2409
c731d18cea9bf687ffee82a241c25b11,concordia,SC,2410
c747d5b92c7648417faea95d36d763e8,pacatuba,CE,2411
c74f14c1e26cf1bd5bd34b6a1e274426,sao miguel do oeste,SC,2412
c76d418370990614e89e956c7a7567d9,taboao da serra,SP,2413
c79151301b9d90985d1fa52879213105,maringa,PR,2414
c794dab4928dd97beb41d05514441e86,artur nogueira,SP,2415
c7a0a13cbcf29d5ce51c8f80afdc0b89,laurentino,SC,2416
c7b7db6c8f3c64a7cc1afa634db21d50,sao paulo,SP,2417
c7bb64409aa480bb7d0335faaaf3d242,joinville,SC,2418
c7c7b2682c648339a0e9846bb1023a39,braganca paulista,SP,2419
c7dcd301ecfe5ab7f778ac172cf74be7,belo horizonte,MG,2420
c7fdb77fdbff3c41981bc52f787e959e,santo andre,SP,2421
c8025364abeecb115431bf95c11a747f,porto alegre,RS,2422
c8143b3069f6746a77421b5ce30a450c,abadia de goias,GO,2423
c826c40d7b19f62a09e2d7c5e7295ee2,guarulhos,SP,2424
c840d3fdbba0790404fdae73d253b253,curitiba,PR,2425
c8417879a15366a17c30af34c798c332,sao paulo,SP,2426
c84592044b180dec206770c38603814b,sao paulo,SP,2427
c8467937e403e76a8ee9f0ab13f6f5ef,pocos de caldas,MG,2428
c847e075301870dd144a116762eaff9a,uberaba,MG,2429
c85d7b477a709c85a1e8b8f25aa1b270,sao bernardo do campo,SP,2430
c864036feaab8c1659f65ea4faebe1da,campo largo,PR,2431
c8660dcf9ba70575f45d80fe28c27713,sao paulo,SP,2432
c8665a4dd081a2c436b1cd921079d0d9,pitangueiras,SP,2433
c8771b1a10bb99bb34d3c459c5cffb53,tocantins,SP,2434
c878515173c84a492ebe50d6b493230b,itaipulandia,PR,2435
c87abc38c8ed3240861729e1aeadf221,sao paulo,SP,2436
c88f62b4c386a59281014d677864d016,arapongas,PR,2437
c89cf7c468a48af70aada384e722f9e2,petropolis,RJ,2438
c8b0e2b0a7095e5d8219575d5e7e1181,itaquaquecetuba,SP,2439
c8b3445d737de6befde0c88ede534a5e,sao paulo,SP,2440
c8c1bea22194a4eefa2dc9a9fa89f536,porto belo,SC,2441
c8cc60ffd415254af5d9b9f34f32c369,sorocaba,SP,2442
c8e135e7b21ecbc36c1153a29d2f5a06,sao paulo,SP,2443
c963a25b8671419c6ce9eebe8fd03218,angra dos reis rj,RJ,2444
c97aa4ee7420f937da13b7f9e2228b99,novo hamburgo,RS,2445
c990d6cf976a5718aaedc539f383ab88,paulinia,SP,2446
c9a06ece156bb057372c68718ec8909b,brasilia,DF,2447
c9aafcd0621b2207c10e32c649cada4d,sao paulo,SP,2448
c9c7905cffc4ef9ff9f113554423e671,itapecerica da serra,SP,2449
c9d2ba8dde44a275ae06475ed1d2fafc,uberlandia,MG,2450
c9e5ad1f6647f5dbd1172adf6ae3cada,porto alegre,RS,2451
ca3bd7cd9f149df75950150d010fe4a2,sao paulo,SP,2452
ca4b77513ac2040591b0d8fae6958380,sando andre,SP,2453
ca5832c6960267b71041f74bb39e8b12,xanxere,SC,2454
ca77545ca4d2dfd1431bf61334e2fa3c,maringa,PR,2455
ca7c6bd577e559472af1c699de9e764e,sao bernardo do campo,SP,2456
caa9bc43a9fe8cf9c564ddd8a03cc4a6,jacarei,SP,2457
cab85505710c7cb9b720bceb52b01cee,sao paulo,SP,2458
cac4c8e7b1ca6252d8f20b2fc1a2e4af,indaiatuba,SP,2459
cac4e0bc1a3269fa2b6ea5e763f6115b,brusque,SC,2460
cac63f48c38cd7d002a7e846dcd99a23,sumare,SP,2461
cac876b37d3abcd6bd76caca30277996,cascavel,PR,2462
cad10cc982ab6a391570c211b995c17c,avare,SP,2463
cad9969167c09b48ae6f1d123f7fa68d,pocos de caldas,MG,2464
cb0b3bcf14e0a709df412a99424a59d7,sao paulo,SP,2465
cb162c8eef257253782d245c08d9097c,barueri,SP,2466
cb32766839f443db85c82a43c4a6c19e,rio claro,SP,2467
cb3dd9ce66268c7a3ca7241ac70ab58c,sao paulo,SP,2468
cb41bfbcbda0aea354a834ab222f9a59,sao paulo,SP,2469
cb4a705d00e100b9732d0ca34817d441,florianopolis,SC,2470
cb5df0dcb9e280b1780e9d589889f2c7,bady bassitt,SP,2471
cb5ff1b9715e99589f3e0c7a6afab9e3,maringa,PR,2472
cb6c9f5888a7a090c75beaf615925792,vila velha,ES,2473
cb810bd318f51b3dc3c753944d61a1fa,niteroi,RJ,2474
cb8bcce248bb1fb274ba762d8b971456,santa rita do sapucai,MG,2475
cb9fb4ca75d7ba8437480e8dde64fe98,sao paulo,SP,2476
cbbd5ae8f53de5f5097cd8217b529e24,santana de parnaiba,SP,2477
cbd996ad3c1b7dc71fd0e5f5df9087e2,sao jose do rio preto,SP,2478
cbf09e831b0c11f6f23ffb51004db972,sbc/sp,SP,2479
cc1f04647be106ba74e62b21f358af25,sao paulo,SP,2480
cc3d14116804f7209f3884f6367f1152,curitiba,PR,2481
cc419e0650a3c5ba77189a1882b7556a,santo andre,SP,2482
cc5a78bbad32776dc4e3af205218368c,divinopolis,MG,2483
cc63f0dd2acba93ffed4fe9f8e0321fa,sao jose do rio preto,SP,2484
cc80e2f693fa6e2408f47ccf62413fc1,curitiba,PR,2485
cca3071e3e9bb7d12640c9fbe2301306,ibitinga,SP,2486
ccada0ef508e698917a6eab263375905,pato bragado,PR,2487
ccb83a794700270fde70898fe9ff368b,sombrio,SC,2488
ccbd753e6863fe7314dc6c0ca5a074e7,blumenau,SC,2489
ccc4bbb5f32a6ab2b7066a4130f114e3,curitiba,PR,2490
cce6ab8d1682639fe45ab70234f1665f,curitiba,SP,2491
ccf8813e5a7d6c84d865cd38bfc2b130,taubate,SP,2492
cd06602b43d8800bd0afad514919d35c,sao paulo,SP,2493
cd2169d9f31ff6fbb9ca3373b0c9e354,nova friburgo,RJ,2494
cd233f8bfa30ebfd651f47ee7d054951,birigui,SP,2495
cd3d09fbe6e3e9ff0c0ac0c300e93ae7,nova odessa,SP,2496
cd52a8efd71af3336b14b5039b951cc1,palhoca,SP,2497
cd68562d3f44870c08922d380acae552,ribeirao preto,SP,2498
cd6efc47efaabf134f8bdb654e10b4f1,rio de janeiro,RJ,2499
cd843d4cf8ef32827de0396605163ba3,juiz de fora,MG,2500
cda598c48d7c614bc1cad7d8ff6f0010,mirassol,SP,2501
ce20a2ec1514c25e16f2b5b39bc818f0,sao paulo,SP,2502
ce248b21cb2adc36282ede306b7660e5,jaragua do sul,SC,2503
ce27a3cc3c8cc1ea79d11e561e9bebb6,sao paulo,SP,2504
ce33c6211beaa8fef4cae8b52db39862,suzano,SP,2505
ce3ad9de960102d0677a81f5d0bb7b2d,rio de janeiro,RJ,2506
ce4755084bc097113867e6454f8f5e52,ribeirao preto,SP,2507
ce616e1913288884e7742faac9d981db,cotia,SP,2508
ce69a8021d18961dd2a40269b7c2c293,curitiba,PR,2509
ce7d1888639e6fb06b2749cbfdac1ff7,baependi,MG,2510
cea729054f157f5870bdd321a958d994,sao paulo,SP,2511
ceaec5548eefc6e23e6607c5435102e7,sao paulo,SP,2512
ceb7b4fb9401cd378de7886317ad1b47,04482255,RJ,2513
cecd97bc34ed8330bd4cd15713eda670,cordilheira alta,SC,2514
cee48807215b30a12ca2ca10ffb5f250,guaruja,SP,2515
cf1313c6e2c01c2f4b014f97db4bcd2b,rio de janeiro \rio de janeiro,RJ,2516
cf2384dd2f1dddea3f838efed0945e65,serra negra,SP,2517
cf281cf8b7affbdfe751b29cc85580e1,eusebio,CE,2518
cf654707ed6a99f112c7ec3d6f314b8b,sao paulo,SP,2519
cf6f6bc4df3999b9c6440f124fb2f687,sao paulo,SP,2520
cf8ab1616079e2793aa29d524df01bb1,sao paulo,SP,2521
cfa5ab0e4d3fc212fd0b3410e7081c62,uba,MG,2522
cfb1a033743668a192316f3c6d1d2671,votorantim,SP,2523
cfd7ddab722b902f7ac5b5f3ba6d723d,contagem,MG,2524
cfe94489ddd337d1e29e12f2a7205d10,sao paulo,SP,2525
d03698c2efd04a549382afa6623e27fb,ilheus,BA,2526
d05ae8f7a5bd1d2a690a44cd079e4e27,rio de janeiro,RJ,2527
d06d019f72a04e5497a0b64190af170c,cotia,SP,2528
d0d70d21e2234dd7cd3cf63fe414148a,sao bento,PB,2529
d101c6da914ae3d53f7bee42283f2fe2,sao paulo,SP,2530
d12c926d74ceff0a90a21184466ce161,sao paulo,SP,2531
d13e50eaa47b4cbe9eb81465865d8cfc,santo andre,SP,2532
d149de2f383552baea37a7198c2296ce,sao paulo,SP,2533
d1582f4043306e6b91afa6a8a884f898,sao paulo,SP,2534
d17f467e4bf608a510c20d82f4ba3b6b,caxias do sul,RS,2535
d180e07dc1e58c31c3f0cd599dc4d945,belo horizonte,MG,2536
d197aa8fbc64087f61984deef05f6227,sao jose dos campos,SP,2537
d1a1b40ec554c593a1a99366746289dd,pato branco,PR,2538
d1a5cc844736958c11b8efab9a2b4c87,curitiba,PR,2539
d1aa1ec0839dcab73a6161130eb1f94a,curitiba,PR,2540
d1b65fc7debc3361ea86b5f14c68d2e2,mogi guacu,SP,2541
d1b9d4be4b6f9ebd85f8acd6745ba612,nova lima,MG,2542
d1c281d3ae149232351cd8c8cc885f0d,ibitinga,SP,2543
d1c7fa84e48cfa21a0e595167c1c500e,jacutinga,RS,2544
d1e2fe627180431ffda076abb303c56f,rio de janeiro,RJ,2545
d1ef48b38baca7e831711c4a0aeb398f,apucarana,PR,2546
d20b021d3efdf267a402c402a48ea64b,ibitinga,SP,2547
d23019c84ffae2d5ef2270367b8605fc,londrina,PR,2548
d2374cbcbb3ca4ab1086534108cc3ab7,ibitinga,SP,2549
d2572f31e9023e9850ef986a636ff9bf,belo horizonte,MG,2550
d25aa0aaacb370e912f8cf6efeba38b3,massaranduba,SC,2551
d263fa444c1504a75cbca5cc465f592a,americana,SP,2552
d26aa40b90272d4843d63be7c1462c8d,sao paulo,SP,2553
d297f1055de2956aedfd3b04113dce3e,nova odessa,SP,2554
d29ba1220fb8634fa3a107e54497b8a4,sao carlos,SP,2555
d2df77822373f19934e87694d8640767,arapongas,PR,2556
d2e753bb80b7d4faa77483ed00edc8ca,porto seguro,BA,2557
d2f3e277560ed4c6361284429b00f037,atibaia,SP,2558
d32e3909cfb714fb2a6cb092c85b9c5f,jundiai,SP,2559
d354c38a7182125a748cb10474fe963b,aperibe,RJ,2560
d3674f271c91f824f82d24d92011f669,brasilia,DF,2561
d36b07fd3c5088e477a72d1fccfe29d4,itapetininga,SP,2562
d379f449f2a3b271bc01c0782020f705,divinopolis,MG,2563
d3891911c2feae53c52fea2bd14054e5,sao paulo,SP,2564
d3dcf0604eabf0224fbd5948b5e02f69,sao paulo,SP,2565
d3e7d37c0df9aef383f3f2a15b0dddfb,sao jose dos pinhais,PR,2566
d3f39f05462b79a4562d35893a28f159,mococa,SP,2567
d4828feed4cda2cd9d6b37899a95a71e,juzeiro do norte,CE,2568
d4910f1cdcfdabd48d6b316e395d4a23,santo andre,SP,2569
d4a5e99e0dd915df64ba55a7fbd583fd,sao paulo,SP,2570
d4d99b60c4c94cd35acd502cec65dc8d,sao paulo,SP,2571
d4e12e7884759a14fa0f5f896c791cae,sao paulo,SP,2572
d4e4b5192cba4e0e66eb12a9d347239d,toledo,PR,2573
d4f117125b59ce73c3302f88ee40c458,sao paulo,SP,2574
d4f91e8be86b38da2ee35bc489645a9d,guaratingueta,SP,2575
d4ffeb15b67e81ff9af2b4252d99fb7e,atibaia,SP,2576
d50d79cb34e38265a8649c383dcffd48,sao paulo,SP,2577
d51e0a403fe2e689ece6c73359d96e12,pompeia,SP,2578
d52cbce9845184537284a23c3bc3da0e,garopaba,SC,2579
d558ebe531605a1285ab2b1bc3256dfb,divinopolis,MG,2580
d566c37fa119d5e66c4e9052e83ee4ea,sao paulo,SP,2581
d57e18d5f73c7ccb7f7339b61166898d,sao paulo,SP,2582
d58d521f3789def2e7a22715e0badd93,sao paulo,SP,2583
d594982fd877af63ace38ea1fca27c76,sao paulo,SP,2584
d598f929fc44e1e38678e7f47250ec04,formosa,GO,2585
d5b9a084373da994a6e37f732169a853,santo andre,SP,2586
d5ba419e26d246a0719437cf37d9b46d,sao paulo,SP,2587
d5c530f4884a75ae0dba9c148718d278,centro,MG,2588
d624126b9206f595fb3fbb6ba03b28a8,curitiba,PR,2589
d63c73efd41eb002280e7ec831424edb,piracicaba,SP,2590
d63f306de130e0391d38a792541723b8,sao paulo,SP,2591
d650b663c3b5f6fb392b6326366efa9a,cotia,SP,2592
d65f31d2413268e671989503f6cf9993,artur nogueira,SP,2593
d66c11a9572221d92fbb8c4897db5f9b,rio de janeiro,RJ,2594
d66c305afaec317ebee552073a674429,ribeirao das neves,MG,2595
d673a59aac7a70d8b01e6902bf090a11,ibitinga,SP,2596
d6ab728cf30867cf3f1a2e216ae2f9b7,sao paulo,SP,2597
d6b1ce66b035a475f00c017792ff9769,salto,SP,2598
d6b664fa0667064c6d76394e7848d790,araraquara,SP,2599
d6cd01c59123df02fc226eadbadb5f89,sao paulo,SP,2600
d71d863e5ef30d94e440c11be17dcd8f,osasco,SP,2601
d73cbd89533ce8b041a9190241453ac8,guiricema,MG,2602
d7485b33791774c36108f8c69602d48d,curitiba,PR,2603
d7827b2af99326a03b0ed9c7a24db0d3,londrina,SP,2604
d79e8478eed9999493990b44955fb22e,rio de janeiro / rio de janeiro,RJ,2605
d7ab82074b5f1dfba46db123df101bff,atibaia,SP,2606
d7b2377bae6ace1b11fc69a11900ac36,sao paulo,SP,2607
d7d517afce974cd491b8d52bb5b5b1fc,sao paulo,SP,2608
d7f1cfc638473be93baedbfd02208016,belford roxo,RJ,2609
d85efbc8eff2b7adf524e2820569adc8,sao paulo,SP,2610
d8b8f2cf9ff6ba0389072541cb42498c,formosa,GO,2611
d8bf0fc082fd4a77fc2e5679b6c00133,sao paulo,SP,2612
d8c7ba53e7e38711eaef8c2849d6d2e1,floresta,PR,2613
d8cf3b6a2151949f930d0252b180ec42,mandaguacu,PR,2614
d8d9567d0bfb0bc7eb845a205ba42657,sao paulo,SP,2615
d8dd176509baa37f359644d082bf7f7b,sao caetano do sul,SP,2616
d90fe2229fee1a5da999ccd0c06c1667,sao paulo,SP,2617
d91fb3b7d041e83b64a00a3edfb37e4f,praia grande,SP,2618
d921b68bf747894be13a97ae52b0f386,formiga,MG,2619
d93844a9c55ba7ce353388bcf849ea56,curitiba,PR,2620
d93919c944be9cff128f6c9cb899eacb,mombuca,SP,2621
d93b8458c6fe139d85cfa5eadbf55bd2,sao paulo,SP,2622
d9442042130b7fe579d1295f9f4a248f,sao paulo,SP,2623
d94a40fd42351c259927028d163af842,baependi,MG,2624
d94ba08b99bedd6a5f6c875ecc4a6fac,apucarana,PR,2625
d97df38225e5abadaff1e72cb72b823c,sao caetano do sul,SP,2626
d98eec89afa3380e14463da2aabaea72,porto alegre,RS,2627
d9a84e1403de8da0c3aa531d6d108ba6,sao paulo,SP,2628
d9b00a97818674c7f8d8b1ef0e689679,ponta grossa,PR,2629
d9bd94811c3338dceb4181f3dbc0c73e,sao paulo,SP,2630
d9c349beabc06aa6ff1c6d68b5e9e22e,sao paulo,SP,2631
d9cb0052a666de5308b32f32ad5f1b1c,olimpia,SP,2632
d9cd369bffa979d1634f8e1318bf2f1b,bady bassitt,SP,2633
d9d43faf741ceaa8da52fdbb81d9e0e3,juiz de fora,SP,2634
d9e7e7778b32987280a6f2cb9a39c57d,sao paulo,SP,2635
d9e8c084b68fe958861d8f2c21202e6b,sao paulo,SP,2636
da03c298e3999e9d828591fc2179d109,sao paulo,SP,2637
da20530872245d6cd9d2f5725613c430,igrejinha,RS,2638
da2782c804606d2a5d8e1760dbb3e7ec,sao paulo,SP,2639
da3fede3469bf49b7293ce3fc45b294d,mogi das cruzes,SP,2640
da4d149c0ddbac90557103ac0a0ec356,sbc,SP,2641
da6a60cc8cc724fe51be021ff8be779c,sao pedro da aldeia,RJ,2642
da7039f29f90ce5b4846ffc0fcc93beb,santo andre,SP,2643
da8622b14eb17ae2831f4ac5b9dab84a,piracicaba,SP,2644
dace965ca58120f92f8d742a9fa1864b,sao paulo,SP,2645
dadc51ef321949ec9a3ab25cd902e23d,sao paulo,SP,2646
daeb5653dd96c1b11860f72209795012,belo horizonte,MG,2647
daf565f087a52def0fd5c5825b3661bc,brusque,SC,2648
db1f0f7c7e5e87f40b62226f020bb297,pinhais,PR,2649
db2956745b3a8e9f3785c99f34b5d25e,sao sebastiao,SP,2650
db4350fd57ae30082dec7acbaacc17f9,sao paulo,SP,2651
db46ca7bce82b11f7e247539271fc390,rio de janeiro,RJ,2652
db6a4d4b5f1f5f98820ce6ce2619e2de,sao paulo,SP,2653
db7ed69a53aa9fb1c01930ba54a88bbe,jaguariuna,SP,2654
dbb9b48c841a0e39e21f98e1a6b2ec3e,sao paulo,SP,2655
dbbcfe2c8d026742134ac3e28ccde274,curitiba,PR,2656
dbc22125167c298ef99da25668e1011f,borda da mata,MG,2657
dbc51f5e45d654ecc16cb68e6817ecea,franca,SP,2658
dbd66278cbfe1aa1000f90a217ca4695,sao paulo,SP,2659
dbdd0ec73a4817971d962698f2fea022,fortaleza,CE,2660
dbec9a0a7efeff029d4d9dce7dc4cc95,belo horizonte,MG,2661
dc120d932ddf9d4dfb6fd68beefda622,sao jose dos pinhais,PR,2662
dc317f341ab0e22f39acbd9dbf9b4a1f,cachoeirinha,RS,2663
dc4a0fc896dc34b0d5bfec8438291c80,ibitinga,SP,2664
dc50afafdfa325eadc890c7fa42a8f4e,maringa,PR,2665
dc64d75cc406bb0697be983831430e60,belo horizonte,MG,2666
dc7192adf8ba09569261f4a8d576afe0,itapeva,SP,2667
dc8798cbf453b7e0f98745e396cc5616,sao paulo,SP,2668
dcb7367a92f5ffb89f1e2152ed260285,osvaldo cruz,SP,2669
dcf3755cefcdc158ad0b7bdde51e871b,cachoeira do sul,RS,2670
dd264199fc8b687ad029de7de6d760e6,cascavel,PR,2671
dd2bdf855a9172734fbc3744021ae9b9,belo horizonte,MG,2672
dd39ad39b5d3df33037e141c72497ba6,sao paulo,SP,2673
dd4d95ba2d15c071e6c695e2ef6ce169,cachoeiro de itapemirim,ES,2674
dd533b429f380718b70ad9922c294bae,barretos,SP,2675
dd5450b022b2d00a2145a66331e1aef6,joinville,SC,2676
dd55f1bb788714a40e7954c3be6df745,sao paulo,SP,2677
dd58ee93286b0821565574c570e9e1dc,curitiba,PR,2678
dd7ddc04e1b6c2c614352b383efe2d36,sao paulo,SP,2679
dd88d13bea9e4c2bf47daf224f8141e5,lajeado,RS,2680
dd8a29ce82d5c705ba932d81494600a5,sao paulo,SP,2681
dd9661d3cda1e6feb237f0c4d8b26f2e,campos novos,SC,2682
dda37071807e404c5bb2a1590c66326f,sao paulo,SP,2683
ddd51ae8cda92f3995a51fc0f0f3eec7,rio de janeiro,RJ,2684
dde698c6d0bd24834c586e5111c2bba7,petropolis,RJ,2685
de09d00cfc265b8804c7df34075a68fa,sao paulo,SP,2686
de0c78824586e9a5f5f04fd84e25df39,vargem grande paulista,SP,2687
de23c3b98a88888289c6f5cc1209054a,sao paulo,SP,2688
de66a66f2dd06bb9ec37aa96987466a3,rio de janeiro,RJ,2689
de722cd6dad950a92b7d4f82673f8833,recife,PE,2690
de9727ca376d1be6ec121b110aa7954c,sarandi,PR,2691
deaadd805612bf94faaa9fa702516e11,sao paulo,SP,2692
debe6615cd90cc0c2eac2b8988e1f628,sao paulo,SP,2693
dedcab67899479e4ea5dcc4eba47f587,jaragua do sul,SC,2694
dee656f0f566ed1aa85bd137c943f08f,cruzeiro,SP,2695
df0f42bc4c2142eacf0eaf2cffd0cfbb,itajai,SC,2696
df47da4ae86fa4db890d05aaf24e21d8,sao paulo,SP,2697
df560393f3a51e74553ab94004ba5c87,loanda,PR,2698
df56d7b40d437f88407c5f78b63bc328,cascavel,PR,2699
df683dfda87bf71ac3fc63063fba369d,farroupilha,RS,2700
df91910b6a03bb2e3358fa6a35e32f6f,sao paulo,SP,2701
dfa0c4c6229ab200a4a1336b4d7128ff,florianopolis,SC,2702
dfc475d54e1b6dbeeb7d7d9bdaa63827,curitiba,PR,2703
dfc5fb7259bb2b599ca565e6e9448f0f,sao bernardo do campo,SP,2704
dff87e4de60c9736ce8df835951b09bc,sao paulo,SP,2705
e00d85ce20ea50c1224c66ca5050527d,osasco,SP,2706
e0482f2c769468c3bbcd8a01e09d98c5,sao paulo,SP,2707
e0487761face83d64fcada2408959a36,sao paulo,SP,2708
e067ad2c1c0b48758eb1b5228bcf7a68,santos,SP,2709
e06f09ec0a4aca210779cf1cfc63cf19,sao paulo,SP,2710
e0878efa0e0b7e5313ac0b43bc04c081,curitiba,PR,2711
e09887ca8c7bf8a4621ce481820414ef,sao paulo,SP,2712
e0a366315b1b726b6c7832d664c0f530,sao paulo,SP,2713
e0a3c37054ade6478d923a6efc10f308,camboriu,SC,2714
e0b162a693bc7f9eab00f783a31d60ea,pelotas,RS,2715
e0eabded302882513ced4ea3eb0c7059,campinas,SP,2716
e116c7455dd26a4d8c3e92532583905f,sao paulo,SP,2717
e1643dff33666ca629e3644c02738179,sao paulo,SP,2718
e174dc2de86d60fee178170a154c05e7,santo andre,SP,2719
e1a210d482714ce337763a19aef94ba4,cascavel,PR,2720
e1b12447a7563944843191754aeb5562,guarulhos,SP,2721
e1bed63d68ac36fe1f3061befe196af5,mogi guacu,SP,2722
e1c76f339ebd5460999f25a2aa8c92c5,sao paulo,SP,2723
e1dc0754bada9ee4cfe9713f22f61292,duque de caxias,RJ,2724
e21a1e8be4715b0fcfd5385643bc49c4,jaguaruna,SC,2725
e24d3429d294b2eb200b064ebb035879,sao paulo,SP,2726
e24fc9fcd865784fb25705606fe3dfe7,braganca paulista,SP,2727
e250d617a0ad591ba9bd663e584a895d,guarulhos,SP,2728
e256a62e0ac58c0edfba09966142d561,curitiba,PR,2729
e26901d5ab434ce92fd9b5c256820a4e,maua,SP,2730
e2a1ac9bf33e5549a2a4f834e70df2f8,sao paulo,SP,2731
e2aee0892199b1d92530e371abd825bf,rolandia,PR,2732
e2c92f9c1c7746d899d18f2e158bbff7,sao jose do rio preto,SP,2733
e333046ce6517bd8bb510291d44f0130,ipaussu,SP,2734
e38db885400cd35c71dfd162f2c1dbcf,brasilia,DF,2735
e3a386fc36e22064434e1fa256f6a9fa,engenheiro coelho,SP,2736
e3b4998c7a498169dc7bce44e6bb6277,sao paulo,SP,2737
e3d3b3efac954a60d61be70b7e05b49b,sao paulo,SP,2738
e3dd723429d1b23614b7fa85e2c7a853,sao bernardo do campo,SP,2739
e3e15e2c0b9700561efac21c6be48066,sao paulo,SP,2740
e3e290b38963293022cdcd6db8328103,sao paulo,SP,2741
e4253cef933647000a82ff39c67b7bde,sao paulo,SP,2742
e433f5fd4050e3352b5d83522b7fe24b,arapongas,PR,2743
e439f7176d763f92de325271111b2fd5,joinville,SC,2744
e45edf75f568ed2f93f78d060e246e25,rio de janeiro,RJ,2745
e46bc031f2c5bae4ccb40bb90712e9b4,sao paulo,SP,2746
e48b04bf1aa1ef711caebeb7aede6180,curitiba,PR,2747
e48cc16ab70bfa09e1401740dce0b3d7,aracatuba,SP,2748
e49c26c3edfa46d227d5121a6b6e4d37,brejao,PE,2749
e4ebd3f87bf70440014f07ddda7fbe03,presidente epitacio,SP,2750
e4f121bf6ef8b9a1d4d3e65dd0473fab,sao jose do rio preto,SP,2751
e4fc40017a6d22c46a14ac2e17f87c3e,arapongas,PR,2752
e503f22be6a4f456d9851920a5d9c670,sao paulo,SP,2753
e504a4e2efaa45cbff7e268a2c58c956,sao pedro,SP,2754
e51f22821f0c12a16ad5c020cdcd55e9,carapicuiba,SP,2755
e53d5b9b29d1218281f4a907ada18626,toledo,PR,2756
e546117ed9cafbc40239c0c78635c584,sao paulo,SP,2757
e5475dcab1e07b63d7f6e902d8f5eda8,diadema,SP,2758
e5545d4d4473876ea78c5bcebca365c3,marilia,SP,2759
e560e4022d8f7aebf155db95946c5c0f,belo horizonte,MG,2760
e5899683388855d3dabe8913bbe365de,sao carlos,SP,2761
e58a5b390e28abc0b216cfb0e07d27d7,rio de janeiro,RJ,2762
e595809a6c31ec4314fd06ef198c244d,navegantes,SC,2763
e59aa562b9f8076dd550fcddf0e73491,curitiba,PR,2764
e59e489e2ea74bd409b798b5daf49de3,maringa,PR,2765
e59e575a175fadcadf8479e191770425,nova iguacu,RJ,2766
e5a3438891c0bfdb9394643f95273d8e,limeira,SP,2767
e5a38146df062edaf55c38afa99e42dc,sao paulo,SP,2768
e5bd51692380fd8cabb19b756b95e714,santo andre,SP,2769
e5c84227854980f1db19a58958c551d9,fazenda rio grande,PR,2770
e5cbe890e679490127e9a390b46bbd20,sao paulo,SP,2771
e5d4b2b0c3bca22085f7a19a28de0c42,joinville,SC,2772
e5def42655b7490edac5a56fe8e9e603,amparo,SP,2773
e5e33c0d8e7e002f398f5dc4cbbb338f,bauru,SP,2774
e5f9e61ceb5f523cc966e0f34095032f,brusque,SC,2775
e601b04acf48b4576e73ddca9481f0dc,sao paulo,SP,2776
e603cf3fec55f8697c9059638d6c8eb5,pelotas,RS,2777
e627629ba868740e287800f1a9be81c2,sao paulo,SP,2778
e628d4a53c109f09ca88098338b3a3f5,belo horizonte,MG,2779
e62b2d6ac10570a035a30bafcf01d263,sao paulo,SP,2780
e63e8bfa530fb16910dd6956e592bb81,guarulhos,SP,2781
e644cbadf7eeb30d0d29f335ce7d52ec,sao paulo,SP,2782
e64882b4ef12aee8d0faca4db5b681f4,goiania,GO,2783
e64d65bc8dbec2accda90c58de5d1246,rio claro,SP,2784
e64ddbe1cbcf4f2fc3092b7c481f3f9d,sao paulo,SP,2785
e6a69c4a27dfdd98ffe5aa757ad744bc,sao paulo,SP,2786
e6ffc9ac6a7adc9d16a1cfc2286dd546,sao paulo,SP,2787
e70053bf73d1b5863932e53a9fa47496,sao paulo,SP,2788
e72b4feb7abe210c52aa667abc25a3a2,sao paulo,SP,2789
e732329483fd5f27367dd997b47f598a,blumenau,SC,2790
e73bf2cea7fe4b0b4d287a7568ed1099,chapeco,SC,2791
e76ecc7e9a1a1e3c6df9d2a8261c423d,belo horizonte,MG,2792
e7d5b006eb624f13074497221eb37807,santo andre,SP,2793
e7df4cd29ab5abab70fb0783ddb53987,sao paulo,SP,2794
e7f3bf1ecd8526eb7f3b18059e6716e5,ubatuba,SP,2795
e819bcfade7b5d88a27325eb6cfd62c5,guarulhos,SP,2796
e81e1f9c3e762e620f3fb60a51499e16,curitibanos,SC,2797
e82de6494d91d3c4c54450f59b227a94,ibitinga,SP,2798
e83c76265fc54bf41eac728805e4da77,aracatuba,SP,2799
e83e93b71371817b11d78a63ff156aee,barueri,SP,2800
e84ad2127668df3aafc6b73531a0beb8,sao paulo,SP,2801
e88165a185134e13fdfc85d4fa654db8,ferraz de  vasconcelos,SP,2802
e882b2a25a10b9c057cc49695f222c19,teresopolis,RJ,2803
e883aa812c37a7413226856f4579fe91,itapevi,SP,2804
e88c9b79e592e370d6bd852eeefbf057,pato branco,PR,2805
e88f7a2995ba184710d339c5c4bf2e30,votuporanga,SP,2806
e89c4adbe7b1d0819dbb636e16461cf1,indaiatuba,SP,2807
e8a85b5f3df47be0984c55fd4064dbb4,brasilia,DF,2808
e8b3a3a38279a82f0e5d006d5e5b7d2c,jussara,PR,2809
e8b4225284fbb02d16f200513f1f395d,novo horizonte,SP,2810
e8dba4d70f7f2b20e775d09cae01142d,santa barbara d oeste,SP,2811
e8f6dc8e6a1dcde89d20e3995c8d90b3,sao paulo,SP,2812
e8ff5a6ceb895583033fc2a0f314e3c2,blumenau,SC,2813
e908c0f3646e8b60375734a350d95d71,sao paulo,SP,2814
e94b64dc6979b302a5a5be1662c83bb6,itapecerica da serra,SP,2815
e9511df20ccd82658a30c37b7fb343af,bauru,SP,2816
e96498ed8daaa3e9c23f7a62da76591c,sao paulo,SP,2817
e9729944ba65dc3ce425e0c5a22ae7b2,petropolis,RJ,2818
e9779976487b77c6d4ac45f75ec7afe9,praia grande,SP,2819
e9874ae10b2d60d43917b6bbfa13a599,rolandia,PR,2820
e99e927c81e3f51739c94fcdfca9f10f,uberlandia,MG,2821
e9b6c33b71b67737693b4cfa68341c8d,sao paulo,SP,2822
e9bc59e7b60fc3063eb2290deda4cced,maringa,PR,2823
e9c2dc0dd4ac38448289be644ac94f42,joinville,SC,2824
e9c6969d40e6a3d2d0f90013165c2b98,sao paulo,SP,2825
e9d99831abad74458942f21e16f33f92,sao paulo,SP,2826
e9e446d01bd10a97a8ffcfc4a3a20cb2,sao paulo,SP,2827
ea00f977a203ff88adf7057cb7806998,santos,SP,2828
ea1776927851da2532aa70d6a32c095a,sao paulo,SP,2829
ea3ebea5317b0efbc663ecc8ce5e9bc2,florianopolis,SC,2830
ea4e9ce63a2134743b4a92777437fcdd,palhoca,SC,2831
ea566164622c6b439516ab18062c42cd,sao  paulo,SP,2832
ea65d8b58316a6f2362f2a9e4b3e86ad,campinas,SP,2833
ea67327e24487bdfac5fbfa37ea124df,ibitinga,SP,2834
ea6b12bf9ffe2bac34602ec631d97a47,guarulhos,SP,2835
ea846a0e7ad98a741783e886d89dfa44,aracatuba,SP,2836
ea8482cd71df3c1969d7b9473ff13abc,sao paulo,SP,2837
eaaa46e98c9e61f6764dd1d7a2ab8b3e,messias targino,RN,2838
ead2bab70821ea148476ae9bc08548ac,belo horizonte,MG,2839
eae9af4811c294c56795d70e715b7337,sao paulo,SP,2840
eaf6d55068dea77334e8477d3878d89e,sao paulo,SP,2841
eb1bf309f4f6af9a97e9ddac3fdbeabe,diadema,SP,2842
eb3071b9f0b0ddaa2df5ea130f09f26b,sao paulo,SP,2843
eb4a59a06b3948e851a7d7a830bcbc42,salvador,BA,2844
eb4df17aed01d918c65f0f8d650900c0,paulinia,SP,2845
eb5b6204dde3a6e03b5f1bb8479f055b,embu guacu,SP,2846
eb72802c83dc7547529c9546d1a9b8ef,rio claro,SP,2847
eb9267cccc90f1b49c8d2f9887c7dd97,recife,PE,2848
eb9cd5b35d95206585e2185318cb5c61,sao paulo,SP,2849
eba88037e1dca898cd02881f67ced679,sao paulo,SP,2850
ebd1417732defaf66c50b5a800eb293e,londrina,PR,2851
ebd2d60905fb58271facef5596b620d3,lencois paulista,SP,2852
ebe3dabc4955c9b0d695e7bda38bf5c3,ribeirao preto,SP,2853
ebef8d8c92b4fd3226e5d407bbff21ac,ribeirao preto,SP,2854
ec21206b7894c503788a684a7bc822a6,armacao dos buzios,RJ,2855
ec2e006556300a79a5a91e4876ab3a56,sao paulo,SP,2856
ec4608a1f76453166bb312b2968aeaf4,porto ferreira,SP,2857
ec5c1d94df153d473b37f880977ae58e,rio de janeiro,SP,2858
ec80e49e69745ab6c14f984bf2149423,limeira,SP,2859
ec8463980a4e0ea9f8517aea1ed0c419,florianopolis,SC,2860
ec8879960bd2221d5c32f8e12f7da711,itatiba,SP,2861
ec933281fb017b5020d06df29c3f77e8,sao paulo,SP,2862
ecccfa2bb93b34a3bf033cc5d1dcdc69,curitiba,PR,2863
ececbfcff9804a2d6b40f589df8eef2b,franca,SP,2864
ed4311e67debd72b8610a5347a743087,guarulhos,SP,2865
ed46f1eb4a638113deb2a1137b5f22e9,indaial,SC,2866
ed49da7cadefc454d6a67de249eab240,sao paulo,SP,2867
ed4acab38528488b65a9a9c603ff024a,sao paulo,SP,2868
ed859002ad59dbf8cf3602696a6c3000,londrina,PR,2869
ed8cb7b190ceb6067227478e48cf8dde,santos,SP,2870
ed9eef5be0992d413d251fadba1a410d,mogi guacu,SP,2871
edb1ef5e36e0c8cd84eb3c9b003e486d,teresopolis,RJ,2872
edb58a1390adf273840030a3d6253829,piracicaba,SP,2873
edb65fe661681b1c0de8bd47c8655855,sao paulo,SP,2874
edc518ba25576a0188a0e8f2c3af186f,guarulhos,SP,2875
edd066cd02126d7800f9b66e980e9931,brasilia,DF,2876
eddd1991bd6d9309995a480c39b95137,ponta grossa,PR,2877
ede0c03645598cdfc63ca8237acbe73d,ribeirao preto,SP,2878
ede2977fbaf3738583170735ca403f6c,curitiba,PR,2879
edf3fabebcc20f7463cc9c53da932ea8,sao paulo,SP,2880
edf96ef93ed595084bbcbd9224bd2894,sao paulo,SP,2881
ee27a8f15b1dded4d213a468ba4eb391,goiania,GO,2882
ee2fbacc2fc3794e656cc4d933d59ce7,sao paulo,SP,2883
eeb6de78f79159600292e314a77cbd18,lages,SC,2884
eebb3372362aa9a46975164bed19a7e7,sao paulo,SP,2885
eec3469d83e142f9a104886655338c37,bauru,SP,2886
eed78ac17f7f795a19a709745f00cd4e,botucatu,SP,2887
ef0ace09169ac090589d85746e3e036f,sao goncalo,RJ,2888
ef2fbc2b607d8492bcffe657a4645434,rio de janeiro,RJ,2889
ef30892870c278497523264be1be2241,araraquara,SP,2890
ef506c96320abeedfb894c34db06f478,sao paulo,SP,2891
ef728fa1f17436c91ed1ccd03dcf9631,jau,SP,2892
ef990a83bbea832f36ebe81376335aa8,joinville,SC,2893
ef9952469137ff190bacafe117f51537,uberaba,MG,2894
efb628aa07c8ca93d7db0d85b91a4f5a,nova iguacu,RJ,2895
efcd8d2104f1a05d028af7bad20d974b,aracatuba,SP,2896
efff9341f3f8f5237b44ff67ed36a7bf,vitoria,ES,2897
f00e21b1e91a79653163b7fd8f293ff1,andradas,SP,2898
f00f5b35d0abcacbdd863672f4bb2c1a,sao paulo,SP,2899
f021c962aaba8ef6eb527a9c2c8394d1,itajai,SC,2900
f049a72cf58fd31b11f8919cade515e7,sao paulo,SP,2901
f0563bacf40c311f1c4d3d6b67b8a7a7,tubarao,SC,2902
f0837c8d71434931d9e38e7b79234797,arvorezinha,RS,2903
f08a5b9dd6767129688d001acafc21e5,porto alegre,RS,2904
f08c008c8a8d31417763738a1788a2a8,santa terezinha de itaipu,PR,2905
f09b760d23495ac9a7e00d29b769007c,catanduva,SP,2906
f09e26011d833ddab11593c1a097a92a,pirassununga,SP,2907
f0b47fbbc6dee9aafe415a6e33051b3f,maua,SP,2908
f0e103c63864d5405b958d984b6e94c9,osasco,SP,2909
f0ec6a2adb05c62655a26dd347b8dede,sao paulo,SP,2910
f0ec78809fe0bc3edb11c9fe5b97b059,sao paulo,SP,2911
f114dca2828bf718548db175ebe2cfcd,cambe,PR,2912
f1198c871e0171278b63f40d112caeec,sao paulo,SP,2913
f125f3a310c2e5f822d116147de1e474,sao paulo,SP,2914
f12d3c2a14729ae461b920c11fe20fdc,santo andre,SP,2915
f12ff17ad8bbf01ec5c33b17e506649b,sao paulo,SP,2916
f18112da765e0971ca5d510dec322bdd,brusque,SC,2917
f181738b150df1f37cb0bd72e705b193,carapicuiba,SP,2918
f19516b9ff26bfeb091b30108db4ddbd,artur nogueira,SP,2919
f1b854361f4e15d5851b494df66f22b2,rio de janeiro,RJ,2920
f1b93673502375d491780bb49d615dbc,sao jose dos campos,SP,2921
f1c1ac3f3efc07e659c035008e615e66,sao paulo,SP,2922
f1ce5fdecd64935c28b9ff932751d0dc,santana de parnaiba,SP,2923
f1ed6bd0a9b11b581f16c851c6a5a527,porto alegre,RS,2924
f1fd5ab1181f827ffad998c1a5de7d74,curitiba,PR,2925
f1fdf2d13186575751aa25876536d85c,sao paulo,SP,2926
f205b1a3ca9a34e0f8a228bae6e4c7b3,cachoeirinha,RS,2927
f214d28e8d8e3ef068748498ccc2f813,sao paulo,SP,2928
f22a247b79dd22ecd91dc8e3b2a1b07c,itaquaquecetuba,SP,2929
f2336e113377dd21c744d9c4fc8293a9,sao paulo,SP,2930
f235413f677777a0738ff215d0184901,bariri,SP,2931
f25e239052084705e17a982bc600ab2a,sao paulo,SP,2932
f262cbc1c910c83959f849465454ddd3,sao paulo,SP,2933
f266295f49a28eee21f413e0cbb0521d,ponta grossa,PR,2934
f26d70155c2b6326fcfa1780c8c684e4,presidente getulio,SC,2935
f27e33c6d29b5138fa9967bcd445b6d5,sao paulo,SP,2936
f3041c2e75ec683697a6a5ea82192210,itauna,MG,2937
f3055483058c84d75ca2a3314fb4deef,salvador,BA,2938
f307937c1bb287c3efc2a514b94b0d1d,araxa,MG,2939
f326006815956455b2859abd58fe7e39,fernandopolis,SP,2940
f3295428338a40977a03f555246a70f4,vitoria,ES,2941
f3511c85f59f8dec53d140501ee8e7a8,curitiba,PR,2942
f356c348fbc8df6a882823e21f5ce8b7,canoas,RS,2943
f35b3c613c4f7b2275f4185d0a3c59ec,sao paulo,SP,2944
f35becee938e982bd615edf8ef12bcfb,alvares machado,SP,2945
f3862c2188522d89860c38a3ea8b550d,ribeirao preto,SP,2946
f3975e8a41157005d4bcbb358678cd9b,pinhalzinho,SC,2947
f3b80352b986ab4d1057a4b724be19d0,brasilia,DF,2948
f3c38ab652836d21de61fb8314b69182,sao paulo,SP,2949
f3da5b2ff499efb8d4a6d371d175d7dd,sao paulo,SP,2950
f410c8873029fcc3809b9df6d0b28914,caxias do sul,SP,2951
f419677537694f0462a91990df6ca44f,sao bernardo do campo,SP,2952
f41ce2e25237f9092cd8e6e7516c7a2f,guarulhos,SP,2953
f435898e493ba0356019a0b1cb8b55b1,curitiba,PR,2954
f43827dd686be3a4a80e00aa299990fb,sao jose do rio preto,SP,2955
f44b6f775a2b390380e0e30b5c9d3eee,sao paulo,SP,2956
f44bdc12aa39f5271f0b95f66cd4c289,braganca paulista,SP,2957
f45122a9ab94eb4f3f8953578bc0c560,piracicaba,SP,2958
f457c46070d02cadd8a68551231220dd,maringa,PR,2959
f46490624488d3ff7ce78613913a7711,guarulhos,SP,2960
f4a04f7be452aa3bb31760bf00055dd0,santo andre,SP,2961
f4aba7c0bca51484c30ab7bdc34bcdd1,sao paulo,SP,2962
f4c4daa86e30c7e5a553a8d518ac03a5,cascavel,PR,2963
f4ce8ca9fa7157e3b33f536ac9a4487d,penapolis,SP,2964
f4db9b37944bcb8873e6b456ee190bbf,itaquaquecetuba,SP,2965
f524ad65d7e0f1daab730ef2d2e86196,soledade,RS,2966
f52c2422904463fdd7741f99045fecb6,santo andre/sao paulo,SP,2967
f5403d3f50089112c4eed37928b7f622,fernandopolis,SP,2968
f543ba3c973276f519d89d59bd46cead,sao jose do rio preto,SP,2969
f593898ec748b7a8cb81fc04edafd98a,pedreira,SP,2970
f5a590cf36251cf1162ea35bef76fe84,sao bernardo do campo,SP,2971
f5b44895715ddfe3087dc414f30268f3,sorocaba,SP,2972
f5b84683a9bf9e1df748cf40f601b39c,sao paulo,SP,2973
f5f1f2c5f923f36ad79ea1d07185ddc9,taruma,SP,2974
f5f2ab9bdb6b30c14c61be68c5ed37da,porto ferreira,SP,2975
f5f46307a4d15880ca14fab4ad9dfc9b,rio do sul,SC,2976
f5fea3ffed6c2e889bab72705557c63a,rio de janeiro,RJ,2977
f6122bc84774df1b372bdb3bb88ddb9f,barueri,SP,2978
f615fe7efbef0f4f08fd3086bc7a3e60,atibaia,SP,2979
f61c63d13f7cd800549d5acdd390ae72,pilar do sul,SP,2980
f626e15b7314c267e4429010866f70e9,marechal candido rondon,SP,2981
f62d7bb4a613ec758a03342d46b580b2,vicosa,MG,2982
f63d8f293af3a6454377546bd9dd19ff,votorantim,SP,2983
f650a9708fa1bab22bdd8d3a818cc415,ararangua,SC,2984
f664f98bfda2eaf266a23ff144e7a872,sao paulo,SP,2985
f67efa3f0b6761102a7f8c6b7b571f5d,curitiba,PR,2986
f680f85bee2d253556ac91be391d2c82,carapicuiba,SP,2987
f682e0f848abafc6f41e0d4e868c66ef,mairipora,SP,2988
f7315bb81aea4ddca2d39e249a801c98,guarulhos,SP,2989
f7496d659ca9fdaf323c0aae84176632,sao paulo,SP,2990
f76a3b1349b6df1ee875d1f3fa4340f0,sao paulo,SP,2991
f7720c4fa8e3aba4546301ab80ea1f1b,curitiba,PR,2992
f783a638e9c6af4a7d0dbfde811e7a81,sao paulo,SP,2993
f789d2c4f2c2eb38fc4373e7a4b35264,juiz de fora,MG,2994
f7ba60f8c3f99e7ee4042fdef03b70c4,sao bernardo do campo,SP,2995
f7c31656c19db6275a8acadca289f426,ibitinga,SP,2996
f7ccf836d21b2fb1de37564105216cc1,ibitinga,SP,2997
f7df46c1e0ec44eed5c6726478da4a17,novo hamburgo,RS,2998
f805b96fa705ba7995a221f1749dc141,maringa,PR,2999
f80edd2c5aaa505cc4b0a3b219abf4b8,sao paulo,SP,3000
f8201cab383e484733266d1906e2fdfa,palhoca,SC,3001
f84a00e60c73a49e7e851c9bdca3a5bb,rio de janeiro,RJ,3002
f84fa566034f5e8e880a07ec624c56af,indaiatuba,SP,3003
f88adb15807168d3c43d71021090ce4a,porto ferreira,SP,3004
f8d5c7085db9a4ad2b8c1ffbeb2798c8,sao paulo,SP,3005
f8db351d8c4c4c22c6835c19a46f01b0,salto,SP,3006
f8e2c1b59cd4225a3e4fd0d013a76b93,ribeirao preto,SP,3007
f8f35af4634605e6693c17cc3ffff5a8,campanha,MG,3008
f90f77ef2799a27f80d90c425ca944f7,londrina,PR,3009
f918546be4bec7104d117789ba758b2b,sao paulo,SP,3010
f9244d45189d3a3605499abddeade7d5,sao paulo,SP,3011
f92d8c817434bd2d84d4e9c61322b7fa,sorocaba,SP,3012
f97e2b0650c2068227e1d366140eb62f,santo antonio de posse,SP,3013
f9903dd0f812c7e771fcad47b6fff231,blumenau,SC,3014
f9a02f1922d1de564392e656d82b3fda,ferraz de vasconcelos,SP,3015
f9bbdd976532d50b7816d285a22bd01e,sao paulo,SP,3016
f9d010e39375d9c91dce3f40b73a2f84,lorena,SP,3017
f9ec7093df3a7b346b7bcf7864069ca3,sao paulo,SP,3018
f9eda05b67bef472deaddbba84aca289,orleans,SC,3019
f9eedec3129e8cc6b6429c42d0808c5b,"rio de janeiro, rio de janeiro, brasil",RJ,3020
f9f68daa2af419d38f745478bcb3da1a,sumare,SP,3021
fa14641f57b655e933124a9ea49cd7a5,sao paulo,SP,3022
fa18c782a4866d313cadab567097f8f1,belo horizonte,MG,3023
fa1a9dec3a9940c072684a46728bf1fc,icara,SC,3024
fa1c13f2614d7b5c4749cbc52fecda94,sumare,SP,3025
fa3a0b5aabb344b9a92e3524b0202123,sao jose dos pinhais,SP,3026
fa40cc5b934574b62717c68f3d678b6d,sao paulo,SP,3027
fa5fdc4e4bb6bd1009ad0e4ac4096562,santo andre,SP,3028
fa74b2f3287d296e9fbd2cc80f2d1cf1,presidente prudente,SP,3029
fa7ad8ae9bcb2c4493fdf38e96b1d74f,pedreira,SP,3030
fa8d335d68129e464e60c1826a683e96,tres coroas,RS,3031
fac1a9017ade7bdc94058fc1c969f355,sao paulo,SP,3032
fac35d150712afb921ec59ac5f39bb11,bonfinopolis de minas,MG,3033
fad44952713764836814be105382aee5,rio de janeiro,RJ,3034
fadb07c842a2aef5d5a676b85f220e71,sao jose do rio preto,SP,3035
fb3cfbc8a86f5d7fbb4d36b8df63f60d,rio de janeiro,RJ,3036
fb503a924a0b9db19d83dd0ac6dbef8c,pelotas,RS,3037
fb8904a8ea99f8831b64ce27db2c1765,sao caetano do sul,SP,3038
fb89df7f89fd1b8f03fa2acca1ba7364,foz do iguacu,PR,3039
fbc14c0cf93505ef89f64665ffa4a7b5,serrana,SP,3040
fc0b214b59a83615fea981c6424a02ae,maua,SP,3041
fc38b5dceee1a730fad8853453437fbd,campinas,SP,3042
fc4751cfe3b279c419615b9b00c1abb4,londrina,PR,3043
fc59392d66ef99377e50356ee4f3b4e1,salvador,BA,3044
fc5a0d7a310a7a41abf86a458585ff2b,sao paulo,SP,3045
fc6295add6f51a0936407ead70c1001d,sao paulo,SP,3046
fc906263ca5083d09dce42fe02247800,belo horizonte,MG,3047
fc908879b9ca1bd65419e54e50432d38,sao paulo,SP,3048
fc99f99385ae90f66f01733856fb88c9,boituva,SP,3049
fcb5ace8bcc92f75707dc0f01a27d269,guarulhos,SP,3050
fcba71d4d5db057f43249145e4eb1e27,limeira,SP,3051
fcdd820084f17e9982427971e4e9d47f,ribeirao preto,SP,3052
fce62094ffe6a4009188ec44e681dfdd,sao paulo,SP,3053
fcf16b7a8697e559f0123190bb30177d,sao paulo,SP,3054
fd312b6bf05efac6c3772d5b52205d8a,votorantim,SP,3055
fd386aa7bed2af3c7035c65506c9b4a3,sao paulo,SP,3056
fd435faa3c0422b60440ea3480d0e77c,joao pessoa,PB,3057
fdaaf5bfda82b7b80535610c831b8d09,sao jose do rio preto,SP,3058
fdb9095204a334cd8872252ffec6f2db,sao paulo,SP,3059
fde0cc9ea29c8ccfc0a2c22256a58c71,curitiba,PR,3060
fdf736c18c589ed030e058312203e1b2,pocos de caldas,MG,3061
fe19dce63ae80346207c6c55713d1023,uberaba,MG,3062
fe1b067411b8c5066e962aa146ccee03,presidente prudente,SP,3063
fe1bbc5feda5c8979a8a1b3b2512d5a6,arinos,MG,3064
fe2032dab1a61af8794248c8196565c9,campinas,SP,3065
fe26f3ecb51a15e6d8335cd92da42562,sao paulo,SP,3066
fe49ee029e61e789a1f3a5525f57ba8d,osasco,SP,3067
fe4cd9461203cee790d36792420b310f,caratinga,MG,3068
fe701d88b67eaca109dffd464d1be9f9,marica,RJ,3069
fe8055980a4ff7f64ed889c2b5926929,curitiba,PR,3070
fe87f472055fbcf1d7e691c00b1560dc,campinas,SP,3071
fe9d9cf8631285d5982c6e2cf27fb114,barbacena/ minas gerais,MG,3072
feb793c88d836c3a75efa4b5a3465d70,sao paulo,SP,3073
febab0275244b9a49a623f0bd613ca2f,pedreira,SP,3074
fec6275253471ace26d209bbaa64cd0f,nova friburgo,RJ,3075
fec6912baad85d41729669edd6b4d3b8,ribeirao preto,SP,3076
fec8cd45395b3cb0c2b173d7739706a1,jambeiro,SP,3077
fedaedd3ca31d56ab33e92035e4b361c,niteroi,RJ,3078
fedf2c1386e137f296b3bbf3b635e69d,sao paulo,SP,3079
ff063b022a9a0aab91bad2c9088760b7,santo andre,SP,3080
ff1e15b778c700abdd4d239b81ac466d,curitiba,PR,3081
ff1fb4c404b2efe68b03350a8dc24122,mogi das cruzes,SP,3082
ff314fa6033cc68ec451c47aee2d6ba4,sao paulo,SP,3083
ff4e2d38692ce827b1a4f4b8196e680d,sao paulo,SP,3084
ff4ea69c2a729e83e63c7579e4ef8170,guarulhos,SP,3085
ff69aa92bb6b1bf9b8b7a51c2ed9cf8b,sao paulo,SP,3086
ff82e8873fba613f2261a9acc896fd84,itabira,MG,3087
ffa6adafb71b807dc13159e26431354c,londrina,PR,3088
ffad1e7127fb622cb64a900751590acd,americana,SP,3089
ffc470761de7d0232558ba5e786e57b7,guarulhos,SP,3090
ffcfefa19b08742c5d315f2791395ee5,curitiba,PR,3091
ffdd9f82b9a447f6f8d4b91554cc7dd3,curitiba,PR,3092
ffeee66ac5d5a62fe688b9d26f83f534,mirassol,SP,3093
fffd5413c0700ac820c7069d66d98c89,amparo,SP,3094
ffff564a4f9085cd26170f4732393726,campinas,SP,3095
